alg,impl,system,nnode,nproc,nthread,n,r,matmul1p1,matmul1p2,matmul1p3,matmul2p1,matmul2p2,matmul2p3,total_time,gen_omega_time,dgemm1_time,dgemm2_time,all2all_time,reduce_scatter_time,reduce_scatter_1_time,reduce_scatter_2_time,unpack_time,pack_time
nystrom-1d-redist-1d,cpp,perlmutter-gpu-cpu,32,128,32,50000,5000,128,1,1,1,1,128,1.20721,0.302373,0.713072,0.233888,0.254149,0.0,0,0,0.003555,0
nystrom-1d-noredist-1d,cpp,perlmutter-gpu-cpu,1,4,32,50000,5000,4,1,1,4,1,1,19.932071,0.217073,17.900945,1.780978,0.0,0.386659,0,0,0.0,0
nystrom-1d-noredist-1d,cpp,perlmutter-gpu,2,8,32,50000,5000,8,1,1,8,1,1,1.019271,0.033637,0.75623,0.091013,0.0,0.337383,0,0,0.0,0
nystrom-1d-redist-1d,cpp,perlmutter-gpu-cpu,8,32,32,50000,500,32,1,1,1,1,32,0.396924,0.117801,0.289785,0.020334,0.082717,0.0,0,0,0.003282,0
nystrom-1d-noredist-1d,cpp,perlmutter-gpu,32,128,32,50000,5000,128,1,1,128,1,1,1.108533,0.105961,0.069609,0.021008,0.0,1.159925,0,0,0.0,0
nystrom-1d-noredist-1d,cpp,perlmutter-gpu-cpu,2,8,32,50000,500,8,1,1,8,1,1,0.978514,0.036254,0.907199,0.026894,0.0,0.036029,0,0,0.0,0
nystrom-1d-noredist-1d,cpp,perlmutter-gpu-cpu,1,4,32,50000,5000,4,1,1,4,1,1,19.995456,0.202215,18.008253,1.740628,0.0,0.418721,0,0,0.0,0
nystrom-1d-noredist-1d,cpp,perlmutter-gpu,1,4,32,50000,5000,4,1,1,4,1,1,1.898873,0.048774,1.485169,0.179519,0.0,0.206812,0,0,0.0,0
nystrom-1d-redist-1d,cpp,perlmutter-gpu-cpu,2,8,32,50000,500,8,1,1,1,1,8,0.99249,0.043889,0.910996,0.03407,0.030385,0.0,0,0,0.004731,0
nystrom-1d-redist-1d,cpp,perlmutter-gpu-cpu,1,4,32,50000,5000,4,1,1,1,1,4,20.748867,0.225019,17.987267,2.372857,0.606925,0.0,0,0,0.050122,0
nystrom-1d-noredist-1d,cpp,perlmutter-gpu,4,16,32,50000,5000,16,1,1,16,1,1,0.806314,0.087572,0.395442,0.043514,0.0,0.436064,0,0,0.0,0
nystrom-1d-redist-1d,cpp,perlmutter-gpu,4,16,32,50000,5000,16,1,1,1,1,16,0.571416,0.08492,0.38163,0.033295,0.185103,0.0,0,0,0.030026,0
nystrom-1d-redist-1d,cpp,perlmutter-gpu-cpu,4,16,32,50000,500,16,1,1,1,1,16,0.57904,0.060387,0.494109,0.021292,0.038058,0.0,0,0,0.00342,0
nystrom-1d-redist-1d,cpp,perlmutter-gpu,4,16,32,50000,5000,16,1,1,1,1,16,0.443613,0.024656,0.381055,0.033604,0.101124,0.0,0,0,0.022723,0
nystrom-1d-noredist-1d,cpp,perlmutter-gpu-cpu,1,4,32,50000,5000,4,1,1,4,1,1,19.996768,0.217674,17.978026,1.751779,0.0,0.471565,0,0,0.0,0
nystrom-1d-redist-1d,cpp,perlmutter-gpu-cpu,4,16,32,50000,5000,16,1,1,1,1,16,4.998792,0.209214,4.319947,0.485528,0.137051,0.0,0,0,0.016149,0
nystrom-1d-redist-1d,cpp,perlmutter-gpu-cpu,1,4,32,50000,500,4,1,1,1,1,4,1.83097,0.041115,1.726184,0.045968,0.051412,0.0,0,0,0.006631,0
nystrom-1d-redist-1d,cpp,perlmutter-gpu,8,32,32,50000,5000,32,1,1,1,1,32,0.337005,0.053705,0.195849,0.017693,0.315516,0.0,0,0,0.024103,0
nystrom-1d-redist-1d,cpp,perlmutter-gpu-cpu,4,16,32,50000,5000,16,1,1,1,1,16,5.005934,0.195801,4.334492,0.451754,0.10937,0.0,0,0,0.016113,0
nystrom-1d-noredist-1d,cpp,perlmutter-gpu-cpu,2,8,32,50000,500,8,1,1,8,1,1,1.01866,0.065677,0.9293,0.022942,0.0,0.082745,0,0,0.0,0
nystrom-1d-noredist-1d,cpp,perlmutter-gpu,32,128,32,50000,500,128,1,1,128,1,1,2.452752,0.084961,0.029109,0.001777,0.0,2.491601,0,0,0.0,0
nystrom-1d-redist-1d,cpp,perlmutter-gpu,8,32,32,50000,5000,32,1,1,1,1,32,0.436534,0.087465,0.190787,0.022247,0.294272,0.0,0,0,0.01473,0
nystrom-1d-redist-1d,cpp,perlmutter-gpu,1,4,32,50000,500,4,1,1,1,1,4,0.707798,0.07007,0.110093,0.003203,0.570418,0.0,0,0,0.027268,0
nystrom-1d-noredist-1d,cpp,perlmutter-gpu,8,32,32,50000,500,32,1,1,32,1,1,0.430281,0.045999,0.037374,0.004639,0.0,0.478107,0,0,0.0,0
nystrom-1d-redist-1d,cpp,perlmutter-gpu,2,8,32,50000,5000,8,1,1,1,1,8,0.91607,0.02707,0.742654,0.075933,0.134211,0.0,0,0,0.031084,0
nystrom-1d-noredist-1d,cpp,perlmutter-gpu-cpu,4,16,32,50000,500,16,1,1,16,1,1,0.541283,0.037242,0.491376,0.014623,0.0,0.015719,0,0,0.0,0
nystrom-1d-redist-1d,cpp,perlmutter-gpu-cpu,4,16,32,50000,5000,16,1,1,1,1,16,5.092141,0.265146,4.34383,0.457438,0.196481,0.0,0,0,0.016018,0
nystrom-1d-redist-1d,cpp,perlmutter-gpu,32,128,32,50000,5000,128,1,1,1,1,128,0.315566,0.103296,0.070069,0.00638,0.233358,0.0,0,0,0.054342,0
nystrom-1d-noredist-1d,cpp,perlmutter-gpu,32,128,32,50000,500,128,1,1,128,1,1,0.440546,0.077165,0.030039,0.001552,0.0,0.398377,0,0,0.0,0
nystrom-1d-noredist-1d,cpp,perlmutter-gpu-cpu,8,32,32,50000,5000,32,1,1,32,1,1,2.738593,0.204701,2.245831,0.266643,0.0,0.146669,0,0,0.0,0
nystrom-1d-redist-1d,cpp,perlmutter-gpu-cpu,16,64,32,50000,5000,64,1,1,1,1,64,1.647939,0.239991,1.213754,0.226782,0.124703,0.0,0,0,0.007316,0
nystrom-1d-noredist-1d,cpp,perlmutter-gpu,1,4,32,50000,5000,4,1,1,4,1,1,1.947691,0.072661,1.497652,0.174193,0.0,0.224279,0,0,0.0,0
nystrom-1d-redist-1d,cpp,perlmutter-gpu-cpu,4,16,32,50000,5000,16,1,1,1,1,16,5.023463,0.22746,4.349021,0.454884,0.143348,0.0,0,0,0.016389,0
nystrom-1d-noredist-1d,cpp,perlmutter-gpu,1,4,32,50000,5000,4,1,1,4,1,1,1.875643,0.035811,1.483899,0.183475,0.0,0.198749,0,0,0.0,0
nystrom-1d-noredist-1d,cpp,perlmutter-gpu,2,8,32,50000,5000,8,1,1,8,1,1,1.093698,0.052268,0.748593,0.09246,0.0,0.277858,0,0,0.0,0
nystrom-1d-redist-1d,cpp,perlmutter-gpu,4,16,32,50000,5000,16,1,1,1,1,16,0.554856,0.066099,0.372837,0.037909,0.254364,0.0,0,0,0.018562,0
nystrom-1d-noredist-1d,cpp,perlmutter-gpu,8,32,32,50000,500,32,1,1,32,1,1,0.699284,0.05778,0.037905,0.004602,0.0,0.746184,0,0,0.0,0
nystrom-1d-redist-1d,cpp,perlmutter-gpu-cpu,16,64,32,50000,500,64,1,1,1,1,64,0.239355,0.066611,0.161409,0.034123,0.04128,0.0,0,0,0.003878,0
nystrom-1d-redist-1d,cpp,perlmutter-gpu-cpu,32,128,32,50000,500,128,1,1,1,1,128,0.226979,0.124153,0.134855,0.041031,0.106132,0.0,0,0,0.005593,0
nystrom-1d-redist-1d,cpp,perlmutter-gpu-cpu,1,4,32,50000,5000,4,1,1,1,1,4,20.424927,0.197371,17.727386,2.357035,0.278218,0.0,0,0,0.050136,0
nystrom-1d-redist-1d,cpp,perlmutter-gpu,16,64,32,50000,5000,64,1,1,1,1,64,0.257328,0.093996,0.120427,0.012441,0.255962,0.0,0,0,0.036834,0
nystrom-1d-noredist-1d,cpp,perlmutter-gpu-cpu,32,128,32,50000,5000,128,1,1,128,1,1,1.041894,0.242987,0.69572,0.115141,0.0,0.208643,0,0,0.0,0
nystrom-1d-redist-1d,cpp,perlmutter-gpu,4,16,32,50000,500,16,1,1,1,1,16,0.22724,0.049982,0.047898,0.009423,0.162644,0.0,0,0,0.017875,0
nystrom-1d-redist-1d,cpp,perlmutter-gpu-cpu,8,32,32,50000,5000,32,1,1,1,1,32,2.72581,0.199474,2.255041,0.256777,0.120888,0.0,0,0,0.010506,0
nystrom-1d-redist-1d,cpp,perlmutter-gpu-cpu,4,16,32,50000,500,16,1,1,1,1,16,0.555991,0.040043,0.489552,0.025472,0.023128,0.0,0,0,0.003417,0
nystrom-1d-redist-1d,cpp,perlmutter-gpu-cpu,16,64,32,50000,500,64,1,1,1,1,64,0.282053,0.103848,0.177334,0.022873,0.094895,0.0,0,0,0.003845,0
nystrom-1d-noredist-1d,cpp,perlmutter-gpu,1,4,32,50000,500,4,1,1,4,1,1,0.334554,0.138832,0.21645,0.001695,0.0,0.064905,0,0,0.0,0
nystrom-1d-redist-1d,cpp,perlmutter-gpu,2,8,32,50000,500,8,1,1,1,1,8,0.199492,0.025088,0.083081,0.009131,0.12183,0.0,0,0,0.011962,0
nystrom-1d-redist-1d,cpp,perlmutter-gpu,4,16,32,50000,5000,16,1,1,1,1,16,0.624841,0.026607,0.383444,0.037914,0.194121,0.0,0,0,0.018056,0
nystrom-1d-noredist-1d,cpp,perlmutter-gpu-cpu,16,64,32,50000,500,64,1,1,64,1,1,0.218914,0.070863,0.168795,0.004633,0.0,0.035121,0,0,0.0,0
nystrom-1d-redist-1d,cpp,perlmutter-gpu-cpu,8,32,32,50000,5000,32,1,1,1,1,32,2.69244,0.192071,2.237732,0.266223,0.094874,0.0,0,0,0.010765,0
nystrom-1d-noredist-1d,cpp,perlmutter-gpu,8,32,32,50000,5000,32,1,1,32,1,1,1.096084,0.074661,0.200028,0.037552,0.0,0.970102,0,0,0.0,0
nystrom-1d-noredist-1d,cpp,perlmutter-gpu,16,64,32,50000,500,64,1,1,64,1,1,1.470162,0.085881,0.029765,0.002517,0.0,1.42934,0,0,0.0,0
nystrom-1d-redist-1d,cpp,perlmutter-gpu-cpu,1,4,32,50000,5000,4,1,1,1,1,4,20.696913,0.230411,18.06991,2.448693,0.574516,0.0,0,0,0.050206,0
nystrom-1d-noredist-1d,cpp,perlmutter-gpu-cpu,8,32,32,50000,500,32,1,1,32,1,1,0.320224,0.053611,0.270689,0.015182,0.0,0.022986,0,0,0.0,0
nystrom-1d-redist-1d,cpp,perlmutter-gpu,8,32,32,50000,500,32,1,1,1,1,32,0.151829,0.069218,0.038816,0.009302,0.207208,0.0,0,0,0.01258,0
nystrom-1d-noredist-1d,cpp,perlmutter-gpu,8,32,32,50000,5000,32,1,1,32,1,1,0.871075,0.061372,0.202607,0.05183,0.0,0.747181,0,0,0.0,0
nystrom-1d-noredist-1d,cpp,perlmutter-gpu,16,64,32,50000,5000,64,1,1,64,1,1,1.563004,0.076609,0.121134,0.016105,0.0,1.66065,0,0,0.0,0
nystrom-1d-redist-1d,cpp,perlmutter-gpu,4,16,32,50000,5000,16,1,1,1,1,16,0.497386,0.029071,0.374699,0.037854,0.228069,0.0,0,0,0.025208,0
nystrom-1d-noredist-1d,cpp,perlmutter-gpu,32,128,32,50000,5000,128,1,1,128,1,1,2.809735,0.101757,0.069859,0.019611,0.0,2.833935,0,0,0.0,0
nystrom-1d-noredist-1d,cpp,perlmutter-gpu-cpu,2,8,32,50000,5000,8,1,1,8,1,1,9.12093,0.228686,8.071279,0.850219,0.0,0.156517,0,0,0.0,0
nystrom-1d-redist-1d,cpp,perlmutter-gpu-cpu,1,4,32,50000,500,4,1,1,1,1,4,1.832051,0.069751,1.704145,0.041343,0.055219,0.0,0,0,0.006675,0
nystrom-1d-noredist-1d,cpp,perlmutter-gpu,8,32,32,50000,5000,32,1,1,32,1,1,1.050703,0.114505,0.205912,0.038223,0.0,0.975662,0,0,0.0,0
nystrom-1d-noredist-1d,cpp,perlmutter-gpu,2,8,32,50000,500,8,1,1,8,1,1,0.112549,0.023116,0.081616,0.007056,0.0,0.198397,0,0,0.0,0
nystrom-1d-noredist-1d,cpp,perlmutter-gpu-cpu,2,8,32,50000,500,8,1,1,8,1,1,0.980376,0.070938,0.900569,0.025409,0.0,0.041714,0,0,0.0,0
nystrom-1d-noredist-1d,cpp,perlmutter-gpu,16,64,32,50000,5000,64,1,1,64,1,1,1.208896,0.102292,0.116789,0.016094,0.0,1.155819,0,0,0.0,0
nystrom-1d-noredist-1d,cpp,perlmutter-gpu-cpu,16,64,32,50000,500,64,1,1,64,1,1,0.222897,0.052765,0.163378,0.006286,0.0,0.040685,0,0,0.0,0
nystrom-1d-noredist-1d,cpp,perlmutter-gpu,4,16,32,50000,500,16,1,1,16,1,1,0.404806,0.066753,0.049443,0.004705,0.0,0.359709,0,0,0.0,0
nystrom-1d-noredist-1d,cpp,perlmutter-gpu,32,128,32,50000,5000,128,1,1,128,1,1,2.943431,0.08692,0.071221,0.021578,0.0,2.933719,0,0,0.0,0
nystrom-1d-noredist-1d,cpp,perlmutter-gpu,8,32,32,50000,500,32,1,1,32,1,1,0.527161,0.100383,0.041757,0.006864,0.0,0.541564,0,0,0.0,0
nystrom-1d-redist-1d,cpp,perlmutter-gpu-cpu,8,32,32,50000,500,32,1,1,1,1,32,0.360503,0.08441,0.269538,0.019993,0.047986,0.0,0,0,0.00329,0
nystrom-1d-noredist-1d,cpp,perlmutter-gpu,1,4,32,50000,5000,4,1,1,4,1,1,1.825168,0.097736,1.428803,0.205155,0.0,0.437646,0,0,0.0,0
nystrom-1d-noredist-1d,cpp,perlmutter-gpu,1,4,32,50000,5000,4,1,1,4,1,1,1.875613,0.056076,1.478977,0.176488,0.0,0.284012,0,0,0.0,0
nystrom-1d-noredist-1d,cpp,perlmutter-gpu,4,16,32,50000,500,16,1,1,16,1,1,0.214092,0.027572,0.055387,0.006996,0.0,0.317529,0,0,0.0,0
nystrom-1d-redist-1d,cpp,perlmutter-gpu-cpu,32,128,32,50000,5000,128,1,1,1,1,128,1.111142,0.264535,0.682731,0.224402,0.152665,0.0,0,0,0.003932,0
nystrom-1d-redist-1d,cpp,perlmutter-gpu,4,16,32,50000,500,16,1,1,1,1,16,0.126557,0.031602,0.049265,0.009411,0.058573,0.0,0,0,0.020442,0
nystrom-1d-noredist-1d,cpp,perlmutter-gpu,2,8,32,50000,500,8,1,1,8,1,1,0.126456,0.050112,0.08721,0.007028,0.0,0.156496,0,0,0.0,0
nystrom-1d-noredist-1d,cpp,perlmutter-gpu,8,32,32,50000,5000,32,1,1,32,1,1,1.140747,0.091565,0.208374,0.037471,0.0,0.942441,0,0,0.0,0
nystrom-1d-noredist-1d,cpp,perlmutter-gpu,2,8,32,50000,500,8,1,1,8,1,1,0.255075,0.027504,0.088253,0.00705,0.0,0.200934,0,0,0.0,0
nystrom-1d-noredist-1d,cpp,perlmutter-gpu,16,64,32,50000,500,64,1,1,64,1,1,0.345487,0.073795,0.030047,0.003842,0.0,0.313084,0,0,0.0,0
nystrom-1d-redist-1d,cpp,perlmutter-gpu,32,128,32,50000,5000,128,1,1,1,1,128,0.247715,0.102763,0.073298,0.006333,0.269421,0.0,0,0,0.132861,0
nystrom-1d-noredist-1d,cpp,perlmutter-gpu-cpu,32,128,32,50000,500,128,1,1,128,1,1,0.256628,0.099744,0.201232,0.018406,0.0,0.149297,0,0,0.0,0
nystrom-1d-noredist-1d,cpp,perlmutter-gpu,16,64,32,50000,5000,64,1,1,64,1,1,0.77361,0.091523,0.120746,0.016121,0.0,0.685813,0,0,0.0,0
nystrom-1d-redist-1d,cpp,perlmutter-gpu,4,16,32,50000,5000,16,1,1,1,1,16,0.489792,0.029156,0.375898,0.037881,0.108727,0.0,0,0,0.013624,0
nystrom-1d-redist-1d,cpp,perlmutter-gpu-cpu,1,4,32,50000,5000,4,1,1,1,1,4,20.5971,0.216605,17.861225,2.355735,0.384228,0.0,0,0,0.050795,0
nystrom-1d-redist-1d,cpp,perlmutter-gpu,16,64,32,50000,5000,64,1,1,1,1,64,0.380885,0.049331,0.115342,0.012222,0.224274,0.0,0,0,0.074567,0
nystrom-1d-noredist-1d,cpp,perlmutter-gpu,32,128,32,50000,500,128,1,1,128,1,1,2.504339,0.085924,0.02889,0.001589,0.0,2.645073,0,0,0.0,0
nystrom-1d-redist-1d,cpp,perlmutter-gpu-cpu,8,32,32,50000,5000,32,1,1,1,1,32,2.694142,0.20074,2.242419,0.265907,0.100585,0.0,0,0,0.010675,0
nystrom-1d-noredist-1d,cpp,perlmutter-gpu,1,4,32,50000,500,4,1,1,4,1,1,0.351981,0.068342,0.124035,0.004231,0.0,0.220919,0,0,0.0,0
nystrom-1d-noredist-1d,cpp,perlmutter-gpu,2,8,32,50000,500,8,1,1,8,1,1,0.253881,0.055181,0.086632,0.00705,0.0,0.294959,0,0,0.0,0
nystrom-1d-noredist-1d,cpp,perlmutter-gpu,4,16,32,50000,5000,16,1,1,16,1,1,0.580281,0.034348,0.392968,0.043513,0.0,0.236656,0,0,0.0,0
nystrom-1d-redist-1d,cpp,perlmutter-gpu-cpu,8,32,32,50000,500,32,1,1,1,1,32,0.371931,0.089049,0.277645,0.025937,0.062861,0.0,0,0,0.003276,0
nystrom-1d-noredist-1d,cpp,perlmutter-gpu-cpu,4,16,32,50000,500,16,1,1,16,1,1,0.544963,0.042834,0.49113,0.020608,0.0,0.037125,0,0,0.0,0
nystrom-1d-noredist-1d,cpp,perlmutter-gpu-cpu,8,32,32,50000,5000,32,1,1,32,1,1,2.747094,0.199756,2.229176,0.274156,0.0,0.161143,0,0,0.0,0
nystrom-1d-noredist-1d,cpp,perlmutter-gpu-cpu,16,64,32,50000,5000,64,1,1,64,1,1,1.615975,0.21459,1.197848,0.173958,0.0,0.159133,0,0,0.0,0
nystrom-1d-redist-1d,cpp,perlmutter-gpu,2,8,32,50000,500,8,1,1,1,1,8,0.246488,0.026164,0.077817,0.009306,0.175879,0.0,0,0,0.008541,0
nystrom-1d-noredist-1d,cpp,perlmutter-gpu,2,8,32,50000,5000,8,1,1,8,1,1,1.002038,0.038564,0.754538,0.099635,0.0,0.189906,0,0,0.0,0
nystrom-1d-noredist-1d,cpp,perlmutter-gpu-cpu,32,128,32,50000,500,128,1,1,128,1,1,0.210376,0.073972,0.136269,0.025857,0.0,0.101956,0,0,0.0,0
nystrom-1d-redist-1d,cpp,perlmutter-gpu-cpu,2,8,32,50000,5000,8,1,1,1,1,8,9.260673,0.229005,8.037149,0.975001,0.145929,0.0,0,0,0.029814,0
nystrom-1d-redist-1d,cpp,perlmutter-gpu-cpu,16,64,32,50000,500,64,1,1,1,1,64,0.231381,0.056566,0.157332,0.034844,0.031497,0.0,0,0,0.00389,0
nystrom-1d-noredist-1d,cpp,perlmutter-gpu,32,128,32,50000,5000,128,1,1,128,1,1,2.693258,0.100882,0.075292,0.019786,0.0,2.774433,0,0,0.0,0
nystrom-1d-redist-1d,cpp,perlmutter-gpu,2,8,32,50000,500,8,1,1,1,1,8,0.166872,0.063575,0.083649,0.009413,0.156789,0.0,0,0,0.009797,0
nystrom-1d-noredist-1d,cpp,perlmutter-gpu-cpu,16,64,32,50000,5000,64,1,1,64,1,1,1.653452,0.196036,1.196359,0.162289,0.0,0.199617,0,0,0.0,0
nystrom-1d-noredist-1d,cpp,perlmutter-gpu,4,16,32,50000,500,16,1,1,16,1,1,0.127947,0.026813,0.050646,0.004726,0.0,0.104802,0,0,0.0,0
nystrom-1d-noredist-1d,cpp,perlmutter-gpu-cpu,8,32,32,50000,500,32,1,1,32,1,1,0.314066,0.041922,0.269812,0.006515,0.0,0.019483,0,0,0.0,0
nystrom-1d-redist-1d,cpp,perlmutter-gpu-cpu,16,64,32,50000,5000,64,1,1,1,1,64,1.670279,0.280389,1.169256,0.22359,0.136986,0.0,0,0,0.007011,0
nystrom-1d-redist-1d,cpp,perlmutter-gpu-cpu,8,32,32,50000,500,32,1,1,1,1,32,0.338227,0.052462,0.275208,0.02574,0.025788,0.0,0,0,0.00327,0
nystrom-1d-noredist-1d,cpp,perlmutter-gpu-cpu,2,8,32,50000,5000,8,1,1,8,1,1,9.120625,0.203457,8.069935,0.8719,0.0,0.217446,0,0,0.0,0
nystrom-1d-redist-1d,cpp,perlmutter-gpu-cpu,2,8,32,50000,5000,8,1,1,1,1,8,9.223129,0.231366,8.027851,0.970286,0.100273,0.0,0,0,0.0297,0
nystrom-1d-noredist-1d,cpp,perlmutter-gpu,2,8,32,50000,5000,8,1,1,8,1,1,1.112387,0.021427,0.751081,0.110742,0.0,0.302919,0,0,0.0,0
nystrom-1d-redist-1d,cpp,perlmutter-gpu-cpu,1,4,32,50000,5000,4,1,1,1,1,4,20.625913,0.184341,17.960998,2.328975,0.377264,0.0,0,0,0.050065,0
nystrom-1d-redist-1d,cpp,perlmutter-gpu,1,4,32,50000,500,4,1,1,1,1,4,0.707727,0.073882,0.129766,0.003097,0.557124,0.0,0,0,0.018352,0
nystrom-1d-redist-1d,cpp,perlmutter-gpu-cpu,4,16,32,50000,5000,16,1,1,1,1,16,5.050002,0.23565,4.363297,0.46591,0.155076,0.0,0,0,0.015939,0
nystrom-1d-noredist-1d,cpp,perlmutter-gpu-cpu,1,4,32,50000,500,4,1,1,4,1,1,1.801445,0.03668,1.734643,0.029333,0.0,0.050848,0,0,0.0,0
nystrom-1d-noredist-1d,cpp,perlmutter-gpu,4,16,32,50000,5000,16,1,1,16,1,1,0.833198,0.080936,0.396323,0.043471,0.0,0.591896,0,0,0.0,0
nystrom-1d-redist-1d,cpp,perlmutter-gpu-cpu,8,32,32,50000,5000,32,1,1,1,1,32,2.704711,0.211459,2.243119,0.280763,0.111189,0.0,0,0,0.010733,0
nystrom-1d-redist-1d,cpp,perlmutter-gpu,16,64,32,50000,500,64,1,1,1,1,64,0.260146,0.086321,0.029718,0.009474,0.199556,0.0,0,0,0.021968,0
nystrom-1d-redist-1d,cpp,perlmutter-gpu-cpu,8,32,32,50000,5000,32,1,1,1,1,32,2.717953,0.20598,2.241972,0.252722,0.12618,0.0,0,0,0.009625,0
nystrom-1d-noredist-1d,cpp,perlmutter-gpu-cpu,16,64,32,50000,5000,64,1,1,64,1,1,1.618832,0.238012,1.20232,0.17313,0.0,0.17544,0,0,0.0,0
nystrom-1d-noredist-1d,cpp,perlmutter-gpu-cpu,2,8,32,50000,500,8,1,1,8,1,1,1.619983,0.513121,1.082227,0.027105,0.0,0.652256,0,0,0.0,0
nystrom-1d-noredist-1d,cpp,perlmutter-gpu-cpu,4,16,32,50000,500,16,1,1,16,1,1,0.673492,0.139088,0.532312,0.022089,0.0,0.046288,0,0,0.0,0
nystrom-1d-redist-1d,cpp,perlmutter-gpu-cpu,8,32,32,50000,5000,32,1,1,1,1,32,2.696005,0.193936,2.228635,0.256574,0.104759,0.0,0,0,0.010796,0
nystrom-1d-noredist-1d,cpp,perlmutter-gpu-cpu,16,64,32,50000,5000,64,1,1,64,1,1,1.63813,0.218074,1.190518,0.186116,0.0,0.188949,0,0,0.0,0
nystrom-1d-redist-1d,cpp,perlmutter-gpu-cpu,16,64,32,50000,500,64,1,1,1,1,64,0.256557,0.059264,0.179789,0.029525,0.057712,0.0,0,0,0.003805,0
nystrom-1d-noredist-1d,cpp,perlmutter-gpu-cpu,8,32,32,50000,500,32,1,1,32,1,1,0.325508,0.045115,0.275729,0.005859,0.0,0.030122,0,0,0.0,0
nystrom-1d-redist-1d,cpp,perlmutter-gpu-cpu,16,64,32,50000,5000,64,1,1,1,1,64,1.629719,0.212788,1.198329,0.234941,0.110868,0.0,0,0,0.007323,0
nystrom-1d-redist-1d,cpp,perlmutter-gpu-cpu,1,4,32,50000,500,4,1,1,1,1,4,1.820007,0.042993,1.717837,0.181918,0.043243,0.0,0,0,0.006724,0
nystrom-1d-redist-1d,cpp,perlmutter-gpu,16,64,32,50000,500,64,1,1,1,1,64,0.275529,0.086278,0.030076,0.009694,0.205289,0.0,0,0,0.027819,0
nystrom-1d-noredist-1d,cpp,perlmutter-gpu-cpu,4,16,32,50000,5000,16,1,1,16,1,1,5.06212,0.204716,4.341848,0.462684,0.0,0.212906,0,0,0.0,0
nystrom-1d-noredist-1d,cpp,perlmutter-gpu-cpu,1,4,32,50000,500,4,1,1,4,1,1,1.81507,0.094644,1.716255,0.022985,0.0,0.074172,0,0,0.0,0
nystrom-1d-redist-1d,cpp,perlmutter-gpu-cpu,1,4,32,50000,5000,4,1,1,1,1,4,20.630537,0.242186,17.954528,2.42312,0.436555,0.0,0,0,0.050194,0
nystrom-1d-noredist-1d,cpp,perlmutter-gpu-cpu,2,8,32,50000,5000,8,1,1,8,1,1,9.138764,0.22687,8.041003,0.914377,0.0,0.24401,0,0,0.0,0
nystrom-1d-redist-1d,cpp,perlmutter-gpu,8,32,32,50000,500,32,1,1,1,1,32,0.251879,0.105758,0.034505,0.009742,0.244643,0.0,0,0,0.061207,0
nystrom-1d-redist-1d,cpp,perlmutter-gpu-cpu,8,32,32,50000,500,32,1,1,1,1,32,0.3291,0.042672,0.269265,0.021106,0.018971,0.0,0,0,0.003274,0
nystrom-1d-redist-1d,cpp,perlmutter-gpu,8,32,32,50000,5000,32,1,1,1,1,32,0.436448,0.108273,0.192672,0.023197,0.284315,0.0,0,0,0.030359,0
nystrom-1d-redist-1d,cpp,perlmutter-gpu-cpu,16,64,32,50000,5000,64,1,1,1,1,64,1.630975,0.212139,1.194537,0.220235,0.102298,0.0,0,0,0.007418,0
nystrom-1d-redist-1d,cpp,perlmutter-gpu-cpu,16,64,32,50000,500,64,1,1,1,1,64,0.245277,0.045753,0.182237,0.023191,0.05188,0.0,0,0,0.003829,0
nystrom-1d-redist-1d,cpp,perlmutter-gpu,2,8,32,50000,500,8,1,1,1,1,8,0.216609,0.030754,0.076887,0.00903,0.134732,0.0,0,0,0.011516,0
nystrom-1d-redist-1d,cpp,perlmutter-gpu-cpu,16,64,32,50000,5000,64,1,1,1,1,64,1.607466,0.206991,1.175476,0.226455,0.08984,0.0,0,0,0.007307,0
nystrom-1d-redist-1d,cpp,perlmutter-gpu-cpu,32,128,32,50000,5000,128,1,1,1,1,128,1.110516,0.24471,0.671914,0.232228,0.155002,0.0,0,0,0.00392,0
nystrom-1d-redist-1d,cpp,perlmutter-gpu,32,128,32,50000,5000,128,1,1,1,1,128,0.239517,0.095996,0.067964,0.006443,0.232029,0.0,0,0,0.075141,0
nystrom-1d-redist-1d,cpp,perlmutter-gpu,32,128,32,50000,500,128,1,1,1,1,128,0.326963,0.076278,0.028517,0.009849,0.245751,0.0,0,0,0.042741,0
nystrom-1d-redist-1d,cpp,perlmutter-gpu,8,32,32,50000,5000,32,1,1,1,1,32,0.409018,0.097368,0.199941,0.02023,0.282294,0.0,0,0,0.029482,0
nystrom-1d-redist-1d,cpp,perlmutter-gpu-cpu,8,32,32,50000,500,32,1,1,1,1,32,0.338673,0.03682,0.275777,0.020659,0.022712,0.0,0,0,0.003241,0
nystrom-1d-redist-1d,cpp,perlmutter-gpu,1,4,32,50000,500,4,1,1,1,1,4,0.669181,0.051901,0.149353,0.003496,0.521303,0.0,0,0,0.008485,0
nystrom-1d-redist-1d,cpp,perlmutter-gpu-cpu,1,4,32,50000,500,4,1,1,1,1,4,1.802759,0.047809,1.69887,0.045003,0.035326,0.0,0,0,0.006725,0
nystrom-1d-redist-1d,cpp,perlmutter-gpu-cpu,16,64,32,50000,500,64,1,1,1,1,64,0.24513,0.076954,0.172269,0.038544,0.044412,0.0,0,0,0.003852,0
nystrom-1d-redist-1d,cpp,perlmutter-gpu,8,32,32,50000,500,32,1,1,1,1,32,0.24802,0.067124,0.037541,0.050056,0.240928,0.0,0,0,0.032412,0
nystrom-1d-redist-1d,cpp,perlmutter-gpu,16,64,32,50000,500,64,1,1,1,1,64,0.276031,0.0983,0.031791,0.00961,0.206382,0.0,0,0,0.034967,0
nystrom-1d-noredist-1d,cpp,perlmutter-gpu-cpu,4,16,32,50000,5000,16,1,1,16,1,1,5.006253,0.244056,4.328167,0.452403,0.0,0.144157,0,0,0.0,0
nystrom-1d-redist-1d,cpp,perlmutter-gpu,1,4,32,50000,500,4,1,1,1,1,4,0.655442,0.047469,0.135142,0.00309,0.516692,0.0,0,0,0.011625,0
nystrom-1d-redist-1d,cpp,perlmutter-gpu-cpu,2,8,32,50000,5000,8,1,1,1,1,8,9.268792,0.256449,8.036864,0.968782,0.192632,0.0,0,0,0.029801,0
nystrom-1d-redist-1d,cpp,perlmutter-gpu,2,8,32,50000,5000,8,1,1,1,1,8,0.944347,0.029694,0.73892,0.071019,0.096114,0.0,0,0,0.022229,0
nystrom-1d-noredist-1d,cpp,perlmutter-gpu,32,128,32,50000,500,128,1,1,128,1,1,2.391514,0.083595,0.032206,0.003062,0.0,2.552455,0,0,0.0,0
nystrom-1d-noredist-1d,cpp,perlmutter-gpu-cpu,16,64,32,50000,5000,64,1,1,64,1,1,1.62115,0.210512,1.21317,0.155687,0.0,0.187335,0,0,0.0,0
nystrom-1d-noredist-1d,cpp,perlmutter-gpu,1,4,32,50000,500,4,1,1,4,1,1,0.184037,0.030132,0.150036,0.004933,0.0,0.077474,0,0,0.0,0
nystrom-1d-noredist-1d,cpp,perlmutter-gpu-cpu,16,64,32,50000,5000,64,1,1,64,1,1,1.627323,0.213402,1.196173,0.174118,0.0,0.171869,0,0,0.0,0
nystrom-1d-redist-1d,cpp,perlmutter-gpu-cpu,32,128,32,50000,5000,128,1,1,1,1,128,1.155306,0.285341,0.680352,0.224623,0.194315,0.0,0,0,0.003774,0
nystrom-1d-redist-1d,cpp,perlmutter-gpu-cpu,4,16,32,50000,5000,16,1,1,1,1,16,5.008112,0.19193,4.337404,0.452062,0.114817,0.0,0,0,0.016142,0
nystrom-1d-redist-1d,cpp,perlmutter-gpu,32,128,32,50000,5000,128,1,1,1,1,128,0.361406,0.107564,0.068899,0.006153,0.267216,0.0,0,0,0.093012,0
nystrom-1d-noredist-1d,cpp,perlmutter-gpu-cpu,1,4,32,50000,500,4,1,1,4,1,1,1.759468,0.038672,1.699991,0.029263,0.0,0.012236,0,0,0.0,0
nystrom-1d-redist-1d,cpp,perlmutter-gpu-cpu,2,8,32,50000,5000,8,1,1,1,1,8,9.21657,0.205938,8.056471,0.96952,0.136469,0.0,0,0,0.029672,0
nystrom-1d-redist-1d,cpp,perlmutter-gpu-cpu,2,8,32,50000,500,8,1,1,1,1,8,0.982624,0.139917,0.903893,0.033964,0.034797,0.0,0,0,0.004808,0
nystrom-1d-redist-1d,cpp,perlmutter-gpu,1,4,32,50000,5000,4,1,1,1,1,4,6.356678,0.046979,1.500585,0.161141,4.691634,0.0,0,0,0.021428,0
nystrom-1d-redist-1d,cpp,perlmutter-gpu-cpu,16,64,32,50000,5000,64,1,1,1,1,64,1.608139,0.213798,1.180979,0.224793,0.095759,0.0,0,0,0.007407,0
nystrom-1d-noredist-1d,cpp,perlmutter-gpu-cpu,32,128,32,50000,500,128,1,1,128,1,1,0.220605,0.133558,0.097525,0.009247,0.0,0.114153,0,0,0.0,0
nystrom-1d-noredist-1d,cpp,perlmutter-gpu,8,32,32,50000,5000,32,1,1,32,1,1,1.120935,0.085247,0.206465,0.040183,0.0,1.034789,0,0,0.0,0
nystrom-1d-redist-1d,cpp,perlmutter-gpu-cpu,4,16,32,50000,500,16,1,1,1,1,16,0.578891,0.071317,0.489766,0.033604,0.053242,0.0,0,0,0.00343,0
nystrom-1d-redist-1d,cpp,perlmutter-gpu-cpu,32,128,32,50000,500,128,1,1,1,1,128,0.173715,0.054589,0.10394,0.035158,0.054585,0.0,0,0,0.00557,0
nystrom-1d-noredist-1d,cpp,perlmutter-gpu-cpu,1,4,32,50000,500,4,1,1,4,1,1,1.834545,0.124429,1.702332,0.023322,0.0,0.078098,0,0,0.0,0
nystrom-1d-noredist-1d,cpp,perlmutter-gpu,32,128,32,50000,500,128,1,1,128,1,1,2.476106,0.134731,0.097256,0.004396,0.0,2.524285,0,0,0.0,0
nystrom-1d-noredist-1d,cpp,perlmutter-gpu,4,16,32,50000,500,16,1,1,16,1,1,0.476732,0.092692,0.049311,0.004879,0.0,0.439966,0,0,0.0,0
nystrom-1d-noredist-1d,cpp,perlmutter-gpu-cpu,2,8,32,50000,5000,8,1,1,8,1,1,9.126022,0.216313,8.038096,0.845479,0.0,0.165115,0,0,0.0,0
nystrom-1d-noredist-1d,cpp,perlmutter-gpu-cpu,1,4,32,45000,5000,4,1,1,4,1,1,107.682121,0.266164,96.799972,10.610879,0.0,1.837096,0,0,0.0,0
nystrom-1d-redist-1d,cpp,perlmutter-gpu,16,64,32,50000,5000,64,1,1,1,1,64,0.412771,0.092742,0.119012,0.008254,0.254463,0.0,0,0,0.106851,0
nystrom-1d-noredist-1d,cpp,perlmutter-gpu-cpu,2,8,32,50000,500,8,1,1,8,1,1,0.961685,0.039306,0.905469,0.024154,0.0,0.042497,0,0,0.0,0
nystrom-1d-noredist-1d,cpp,perlmutter-gpu,2,8,32,50000,500,8,1,1,8,1,1,0.124234,0.031701,0.083641,0.007042,0.0,0.077169,0,0,0.0,0
nystrom-1d-noredist-1d,cpp,perlmutter-gpu-cpu,16,64,32,50000,500,64,1,1,64,1,1,0.223916,0.050333,0.166565,0.004328,0.0,0.041826,0,0,0.0,0
nystrom-1d-redist-1d,cpp,perlmutter-gpu,1,4,32,50000,5000,4,1,1,1,1,4,6.146678,0.043622,1.275977,0.141676,5.303715,0.0,0,0,0.084206,0
nystrom-1d-noredist-1d,cpp,perlmutter-gpu-cpu,8,32,32,50000,5000,32,1,1,32,1,1,2.779845,0.185016,2.285883,0.284237,0.0,0.178387,0,0,0.0,0
nystrom-1d-noredist-1d,cpp,perlmutter-gpu-cpu,32,128,32,50000,5000,128,1,1,128,1,1,1.115946,0.318877,0.683925,0.109868,0.0,0.280619,0,0,0.0,0
nystrom-1d-noredist-1d,cpp,perlmutter-gpu,1,4,32,50000,5000,4,1,1,4,1,1,1.90513,0.03919,1.557137,0.176783,0.0,0.249268,0,0,0.0,0
nystrom-1d-noredist-1d,cpp,perlmutter-gpu-cpu,4,16,32,50000,500,16,1,1,16,1,1,0.563309,0.06216,0.496233,0.0177,0.0,0.040851,0,0,0.0,0
nystrom-1d-noredist-1d,cpp,perlmutter-gpu-cpu,8,32,32,50000,500,32,1,1,32,1,1,0.321545,0.070439,0.274606,0.012488,0.0,0.027164,0,0,0.0,0
nystrom-1d-redist-1d,cpp,perlmutter-gpu,1,4,32,50000,500,4,1,1,1,1,4,0.53716,0.062537,0.082723,0.003575,0.548033,0.0,0,0,0.008254,0
nystrom-1d-noredist-1d,cpp,perlmutter-gpu,16,64,32,50000,5000,64,1,1,64,1,1,1.750749,0.083596,0.118959,0.016104,0.0,1.666925,0,0,0.0,0
nystrom-1d-redist-1d,cpp,perlmutter-gpu-cpu,32,128,32,50000,5000,128,1,1,1,1,128,1.096591,0.256187,0.6757,0.221952,0.144655,0.0,0,0,0.004572,0
nystrom-1d-noredist-1d,cpp,perlmutter-gpu-cpu,2,8,32,50000,500,8,1,1,8,1,1,0.998462,0.083205,0.901029,0.029019,0.0,0.068356,0,0,0.0,0
nystrom-1d-noredist-1d,cpp,perlmutter-gpu-cpu,1,4,32,50000,500,4,1,1,4,1,1,1.788265,0.036305,1.718503,0.033124,0.0,0.043968,0,0,0.0,0
nystrom-1d-noredist-1d,cpp,perlmutter-gpu,4,16,32,50000,5000,16,1,1,16,1,1,0.543156,0.039569,0.392307,0.042688,0.0,0.222467,0,0,0.0,0
nystrom-1d-redist-1d,cpp,perlmutter-gpu,8,32,32,50000,5000,32,1,1,1,1,32,0.377575,0.070768,0.20561,0.022226,0.242222,0.0,0,0,0.021651,0
nystrom-1d-noredist-1d,cpp,perlmutter-gpu,4,16,32,50000,5000,16,1,1,16,1,1,0.911142,0.063955,0.390499,0.043472,0.0,0.508198,0,0,0.0,0
nystrom-1d-noredist-1d,cpp,perlmutter-gpu,32,128,32,50000,5000,128,1,1,128,1,1,2.85134,0.08575,0.068699,0.018727,0.0,2.889061,0,0,0.0,0
nystrom-1d-redist-1d,cpp,perlmutter-gpu,4,16,32,50000,500,16,1,1,1,1,16,0.153079,0.052048,0.050958,0.009278,0.130806,0.0,0,0,0.023477,0
nystrom-1d-redist-1d,cpp,perlmutter-gpu,16,64,32,50000,500,64,1,1,1,1,64,0.282732,0.104141,0.030654,0.009868,0.216294,0.0,0,0,0.031579,0
nystrom-1d-noredist-1d,cpp,perlmutter-gpu,4,16,32,50000,500,16,1,1,16,1,1,0.185216,0.052809,0.047158,0.003282,0.0,0.169234,0,0,0.0,0
nystrom-1d-noredist-1d,cpp,perlmutter-gpu-cpu,1,4,32,50000,5000,4,1,1,4,1,1,19.933529,0.230614,17.945384,1.75013,0.0,0.359505,0,0,0.0,0
nystrom-1d-redist-1d,cpp,perlmutter-gpu-cpu,16,64,32,50000,5000,64,1,1,1,1,64,1.626967,0.213545,1.174817,0.217408,0.090327,0.0,0,0,0.007309,0
nystrom-1d-noredist-1d,cpp,perlmutter-gpu,8,32,32,50000,500,32,1,1,32,1,1,0.280434,0.082497,0.03401,0.002492,0.0,0.376678,0,0,0.0,0
nystrom-1d-redist-1d,cpp,perlmutter-gpu,4,16,32,50000,500,16,1,1,1,1,16,0.133175,0.025165,0.045221,0.009616,0.076395,0.0,0,0,0.013803,0
nystrom-1d-redist-1d,cpp,perlmutter-gpu-cpu,8,32,32,50000,5000,32,1,1,1,1,32,2.700374,0.193782,2.242383,0.25625,0.101417,0.0,0,0,0.010747,0
nystrom-1d-redist-1d,cpp,perlmutter-gpu-cpu,2,8,32,50000,5000,8,1,1,1,1,8,9.224201,0.211578,8.017209,0.986521,0.140703,0.0,0,0,0.029626,0
nystrom-1d-redist-1d,cpp,perlmutter-gpu-cpu,32,128,32,50000,5000,128,1,1,1,1,128,1.097898,0.231179,0.684045,0.226558,0.145891,0.0,0,0,0.00427,0
nystrom-1d-redist-1d,cpp,perlmutter-gpu-cpu,1,4,32,45000,5000,4,1,1,1,1,4,107.509172,0.183216,96.602083,10.637857,1.440977,0.0,0,0,0.045813,0
nystrom-1d-noredist-1d,cpp,perlmutter-gpu-cpu,32,128,32,50000,500,128,1,1,128,1,1,0.419399,0.240138,0.254992,0.02558,0.0,0.240047,0,0,0.0,0
nystrom-1d-redist-1d,cpp,perlmutter-gpu,32,128,32,50000,500,128,1,1,1,1,128,0.327687,0.089975,0.0301,0.011396,0.249796,0.0,0,0,0.053712,0
nystrom-1d-noredist-1d,cpp,perlmutter-gpu-cpu,8,32,32,50000,500,32,1,1,32,1,1,0.325696,0.058653,0.276287,0.015847,0.0,0.02987,0,0,0.0,0
nystrom-1d-redist-1d,cpp,perlmutter-gpu-cpu,16,64,32,50000,5000,64,1,1,1,1,64,1.60054,0.195045,1.179235,0.220634,0.081035,0.0,0,0,0.007567,0
nystrom-1d-redist-1d,cpp,perlmutter-gpu-cpu,4,16,32,50000,500,16,1,1,1,1,16,0.582155,0.069741,0.489047,0.029198,0.047316,0.0,0,0,0.003851,0
nystrom-1d-redist-1d,cpp,perlmutter-gpu,8,32,32,50000,500,32,1,1,1,1,32,0.145946,0.042503,0.037905,0.009333,0.193335,0.0,0,0,0.043986,0
nystrom-1d-noredist-1d,cpp,perlmutter-gpu,4,16,32,50000,500,16,1,1,16,1,1,0.29292,0.061225,0.050369,0.006329,0.0,0.255597,0,0,0.0,0
nystrom-1d-noredist-1d,cpp,perlmutter-gpu-cpu,16,64,32,50000,5000,64,1,1,64,1,1,1.695762,0.24867,1.227048,0.1778,0.0,0.254022,0,0,0.0,0
nystrom-1d-noredist-1d,cpp,perlmutter-gpu,4,16,32,50000,5000,16,1,1,16,1,1,0.687995,0.043129,0.397585,0.042677,0.0,0.358501,0,0,0.0,0
nystrom-1d-noredist-1d,cpp,perlmutter-gpu-cpu,16,64,32,50000,5000,64,1,1,64,1,1,1.633763,0.219973,1.179129,0.180546,0.0,0.192381,0,0,0.0,0
nystrom-1d-redist-1d,cpp,perlmutter-gpu,1,4,32,50000,500,4,1,1,1,1,4,0.68701,0.052724,0.136626,0.002641,0.555974,0.0,0,0,0.036768,0
nystrom-1d-noredist-1d,cpp,perlmutter-gpu,1,4,32,50000,5000,4,1,1,4,1,1,1.765063,0.125405,1.319368,0.19338,0.0,0.811849,0,0,0.0,0
nystrom-1d-noredist-1d,cpp,perlmutter-gpu,16,64,32,50000,500,64,1,1,64,1,1,1.516601,0.107912,0.030537,0.004593,0.0,1.462334,0,0,0.0,0
nystrom-1d-noredist-1d,cpp,perlmutter-gpu-cpu,16,64,32,50000,5000,64,1,1,64,1,1,1.607792,0.223483,1.211843,0.174864,0.0,0.165741,0,0,0.0,0
nystrom-1d-noredist-1d,cpp,perlmutter-gpu,8,32,32,50000,5000,32,1,1,32,1,1,1.03205,0.09522,0.206033,0.037717,0.0,1.04959,0,0,0.0,0
nystrom-1d-noredist-1d,cpp,perlmutter-gpu,4,16,32,50000,5000,16,1,1,16,1,1,0.697891,0.079636,0.396127,0.043459,0.0,0.548095,0,0,0.0,0
nystrom-1d-noredist-1d,cpp,perlmutter-gpu,32,128,32,50000,500,128,1,1,128,1,1,2.53141,0.075536,0.029336,0.001767,0.0,2.587263,0,0,0.0,0
nystrom-1d-redist-1d,cpp,perlmutter-gpu,2,8,32,50000,500,8,1,1,1,1,8,0.276235,0.031286,0.093081,0.009409,0.200803,0.0,0,0,0.008438,0
nystrom-1d-redist-1d,cpp,perlmutter-gpu-cpu,32,128,32,50000,500,128,1,1,1,1,128,0.239022,0.129619,0.147345,0.035631,0.119496,0.0,0,0,0.005527,0
nystrom-1d-noredist-1d,cpp,perlmutter-gpu-cpu,2,8,32,50000,5000,8,1,1,8,1,1,9.110376,0.217698,8.044824,0.858286,0.0,0.141382,0,0,0.0,0
nystrom-1d-redist-1d,cpp,perlmutter-gpu,1,4,32,50000,5000,4,1,1,1,1,4,6.342232,0.063752,1.474051,0.160122,4.663928,0.0,0,0,0.010595,0
nystrom-1d-redist-1d,cpp,perlmutter-gpu-cpu,16,64,32,50000,500,64,1,1,1,1,64,0.245111,0.074336,0.169594,0.035848,0.045961,0.0,0,0,0.003828,0
nystrom-1d-redist-1d,cpp,perlmutter-gpu,8,32,32,50000,500,32,1,1,1,1,32,0.152806,0.03731,0.036022,0.009318,0.173155,0.0,0,0,0.041712,0
nystrom-1d-redist-1d,cpp,perlmutter-gpu-cpu,2,8,32,50000,5000,8,1,1,1,1,8,9.204769,0.260116,8.031529,0.951692,0.10985,0.0,0,0,0.029721,0
nystrom-1d-redist-1d,cpp,perlmutter-gpu,32,128,32,50000,5000,128,1,1,1,1,128,0.368694,0.082959,0.069062,0.005832,0.26411,0.0,0,0,0.09233,0
nystrom-1d-noredist-1d,cpp,perlmutter-gpu-cpu,1,4,32,50000,5000,4,1,1,4,1,1,19.840667,0.192406,17.929016,1.761947,0.0,0.255958,0,0,0.0,0
nystrom-1d-noredist-1d,cpp,perlmutter-gpu-cpu,8,32,32,50000,5000,32,1,1,32,1,1,2.79248,0.226288,2.232928,0.27261,0.0,0.194347,0,0,0.0,0
nystrom-1d-noredist-1d,cpp,perlmutter-gpu-cpu,32,128,32,50000,5000,128,1,1,128,1,1,1.065763,0.259872,0.682284,0.103511,0.0,0.22699,0,0,0.0,0
nystrom-1d-noredist-1d,cpp,perlmutter-gpu,16,64,32,50000,5000,64,1,1,64,1,1,1.702556,0.08173,0.120176,0.016097,0.0,1.689207,0,0,0.0,0
nystrom-1d-redist-1d,cpp,perlmutter-gpu-cpu,1,4,32,50000,5000,4,1,1,1,1,4,20.473424,0.219264,17.781876,2.42706,0.254341,0.0,0,0,0.054445,0
nystrom-1d-redist-1d,cpp,perlmutter-gpu,2,8,32,50000,5000,8,1,1,1,1,8,0.974373,0.060296,0.747479,0.074756,0.216065,0.0,0,0,0.018042,0
nystrom-1d-redist-1d,cpp,perlmutter-gpu,16,64,32,50000,5000,64,1,1,1,1,64,0.371873,0.084981,0.116326,0.008193,0.244851,0.0,0,0,0.080949,0
nystrom-1d-redist-1d,cpp,perlmutter-gpu-cpu,1,4,32,50000,500,4,1,1,1,1,4,1.820256,0.036223,1.716839,0.044115,0.050294,0.0,0,0,0.006674,0
nystrom-1d-redist-1d,cpp,perlmutter-gpu-cpu,32,128,32,50000,500,128,1,1,1,1,128,0.230699,0.13555,0.140213,0.040644,0.111583,0.0,0,0,0.005639,0
nystrom-1d-redist-1d,cpp,perlmutter-gpu-cpu,8,32,32,50000,500,32,1,1,1,1,32,0.345661,0.058796,0.273836,0.026309,0.033625,0.0,0,0,0.003289,0
nystrom-1d-noredist-1d,cpp,perlmutter-gpu-cpu,4,16,32,50000,500,16,1,1,16,1,1,0.552282,0.051321,0.491119,0.015282,0.0,0.037004,0,0,0.0,0
nystrom-1d-redist-1d,cpp,perlmutter-gpu,32,128,32,50000,500,128,1,1,1,1,128,0.392151,0.095911,0.029873,0.055895,0.278923,0.0,0,0,0.054923,0
nystrom-1d-redist-1d,cpp,perlmutter-gpu,32,128,32,50000,500,128,1,1,1,1,128,0.2532,0.068116,0.03152,0.01216,0.265348,0.0,0,0,0.068748,0
nystrom-1d-redist-1d,cpp,perlmutter-gpu,16,64,32,50000,5000,64,1,1,1,1,64,0.32082,0.131213,0.115019,0.014725,0.248852,0.0,0,0,0.03644,0
nystrom-1d-redist-1d,cpp,perlmutter-gpu,4,16,32,50000,500,16,1,1,1,1,16,0.344611,0.112592,0.051592,0.046311,0.241301,0.0,0,0,0.011755,0
nystrom-1d-noredist-1d,cpp,perlmutter-gpu,16,64,32,50000,500,64,1,1,64,1,1,0.763188,0.079095,0.029974,0.004586,0.0,0.718206,0,0,0.0,0
nystrom-1d-noredist-1d,cpp,perlmutter-gpu,2,8,32,50000,5000,8,1,1,8,1,1,1.07144,0.071359,0.756867,0.102105,0.0,0.327906,0,0,0.0,0
nystrom-1d-noredist-1d,cpp,perlmutter-gpu,16,64,32,50000,500,64,1,1,64,1,1,1.11471,0.068437,0.031642,0.006872,0.0,1.120748,0,0,0.0,0
nystrom-1d-redist-1d,cpp,perlmutter-gpu,2,8,32,50000,5000,8,1,1,1,1,8,0.952781,0.063748,0.739751,0.076917,0.150664,0.0,0,0,0.011653,0
nystrom-1d-noredist-1d,cpp,perlmutter-gpu-cpu,1,4,32,50000,5000,4,1,1,4,1,1,19.940781,0.19293,17.97289,1.708087,0.0,0.35109,0,0,0.0,0
nystrom-1d-noredist-1d,cpp,perlmutter-gpu-cpu,32,128,32,50000,500,128,1,1,128,1,1,0.17398,0.059155,0.115469,0.014106,0.0,0.065562,0,0,0.0,0
nystrom-1d-noredist-1d,cpp,perlmutter-gpu,8,32,32,50000,500,32,1,1,32,1,1,0.565341,0.07431,0.039057,0.004777,0.0,0.62206,0,0,0.0,0
nystrom-1d-redist-1d,cpp,perlmutter-gpu,16,64,32,50000,500,64,1,1,1,1,64,0.191474,0.077564,0.031416,0.010115,0.197541,0.0,0,0,0.053633,0
nystrom-1d-noredist-1d,cpp,perlmutter-gpu,2,8,32,50000,500,8,1,1,8,1,1,0.146903,0.077147,0.083259,0.007034,0.0,0.079353,0,0,0.0,0
nystrom-1d-redist-1d,cpp,perlmutter-gpu,1,4,32,50000,5000,4,1,1,1,1,4,6.34109,0.043624,1.477981,0.161716,4.653723,0.0,0,0,0.011926,0
nystrom-1d-redist-1d,cpp,perlmutter-gpu,16,64,32,50000,5000,64,1,1,1,1,64,0.367274,0.112616,0.117055,0.012218,0.25184,0.0,0,0,0.059971,0
nystrom-1d-redist-1d,cpp,perlmutter-gpu-cpu,32,128,32,50000,500,128,1,1,1,1,128,0.262814,0.100252,0.199791,0.036512,0.142456,0.0,0,0,0.00548,0
nystrom-1d-redist-1d,cpp,perlmutter-gpu,4,16,32,50000,5000,16,1,1,1,1,16,0.500388,0.031486,0.372661,0.037867,0.082762,0.0,0,0,0.029329,0
nystrom-1d-noredist-1d,cpp,perlmutter-gpu-cpu,32,128,32,50000,5000,128,1,1,128,1,1,1.079671,0.284794,0.686065,0.178112,0.0,0.248361,0,0,0.0,0
nystrom-1d-noredist-1d,cpp,perlmutter-gpu-cpu,1,4,32,50000,500,4,1,1,4,1,1,1.787774,0.039982,1.72071,0.03239,0.0,0.038186,0,0,0.0,0
nystrom-1d-noredist-1d,cpp,perlmutter-gpu-cpu,4,16,32,50000,5000,16,1,1,16,1,1,5.083608,0.23613,4.365039,0.45693,0.0,0.235638,0,0,0.0,0
nystrom-1d-redist-1d,cpp,perlmutter-gpu-cpu,16,64,32,50000,500,64,1,1,1,1,64,0.241901,0.076056,0.160106,0.02343,0.041496,0.0,0,0,0.003881,0
nystrom-1d-redist-1d,cpp,perlmutter-gpu,4,16,32,50000,500,16,1,1,1,1,16,0.142726,0.079625,0.049643,0.009194,0.216933,0.0,0,0,0.028528,0
nystrom-1d-noredist-1d,cpp,perlmutter-gpu,2,8,32,50000,5000,8,1,1,8,1,1,1.052978,0.051994,0.759612,0.090991,0.0,0.298781,0,0,0.0,0
nystrom-1d-redist-1d,cpp,perlmutter-gpu,32,128,32,50000,5000,128,1,1,1,1,128,0.321528,0.100448,0.074486,0.006144,0.251615,0.0,0,0,0.096282,0
nystrom-1d-redist-1d,cpp,perlmutter-gpu,16,64,32,50000,5000,64,1,1,1,1,64,0.347435,0.093186,0.116213,0.012257,0.240092,0.0,0,0,0.059429,0
nystrom-1d-noredist-1d,cpp,perlmutter-gpu-cpu,2,8,32,50000,500,8,1,1,8,1,1,0.972101,0.105171,0.899974,0.025663,0.0,0.047748,0,0,0.0,0
nystrom-1d-redist-1d,cpp,perlmutter-gpu,2,8,32,50000,500,8,1,1,1,1,8,0.214006,0.084637,0.058616,0.009121,0.15148,0.0,0,0,0.01907,0
nystrom-1d-redist-1d,cpp,perlmutter-gpu,4,16,32,50000,500,16,1,1,1,1,16,0.163771,0.021975,0.047434,0.009099,0.097435,0.0,0,0,0.012586,0
nystrom-1d-redist-1d,cpp,perlmutter-gpu-cpu,1,4,32,50000,500,4,1,1,1,1,4,1.82567,0.038293,1.725402,0.047298,0.057672,0.0,0,0,0.006613,0
nystrom-1d-redist-1d,cpp,perlmutter-gpu,8,32,32,50000,5000,32,1,1,1,1,32,0.425505,0.085389,0.198199,0.023191,0.31124,0.0,0,0,0.022366,0
nystrom-1d-redist-1d,cpp,perlmutter-gpu-cpu,1,4,32,50000,5000,4,1,1,1,1,4,20.468711,0.194838,17.814412,2.360204,0.334076,0.0,0,0,0.050094,0
nystrom-1d-noredist-1d,cpp,perlmutter-gpu,32,128,32,50000,5000,128,1,1,128,1,1,2.95239,0.085486,0.07507,0.017513,0.0,3.057718,0,0,0.0,0
nystrom-1d-redist-1d,cpp,perlmutter-gpu,32,128,32,50000,500,128,1,1,1,1,128,0.329508,0.093902,0.02895,0.010644,0.249926,0.0,0,0,0.078752,0
nystrom-1d-redist-1d,cpp,perlmutter-gpu-cpu,4,16,32,50000,500,16,1,1,1,1,16,0.630978,0.126384,0.491136,0.031755,0.092761,0.0,0,0,0.003414,0
nystrom-1d-redist-1d,cpp,perlmutter-gpu,1,4,32,50000,5000,4,1,1,1,1,4,6.311959,0.074138,1.49056,0.155426,4.561381,0.0,0,0,0.011183,0
nystrom-1d-redist-1d,cpp,perlmutter-gpu,2,8,32,50000,5000,8,1,1,1,1,8,0.954574,0.030473,0.735598,0.076981,0.163881,0.0,0,0,0.010258,0
nystrom-1d-noredist-1d,cpp,perlmutter-gpu,8,32,32,50000,500,32,1,1,32,1,1,0.323698,0.130834,0.085935,0.005152,0.0,0.298185,0,0,0.0,0
nystrom-1d-noredist-1d,cpp,perlmutter-gpu,32,128,32,50000,5000,128,1,1,128,1,1,3.038281,0.078992,0.069261,0.0201,0.0,3.064212,0,0,0.0,0
nystrom-1d-noredist-1d,cpp,perlmutter-gpu,2,8,32,50000,500,8,1,1,8,1,1,0.280866,0.024147,0.076178,0.006588,0.0,0.214582,0,0,0.0,0
nystrom-1d-redist-1d,cpp,perlmutter-gpu,16,64,32,50000,500,64,1,1,1,1,64,0.320516,0.088608,0.032142,0.009598,0.194276,0.0,0,0,0.085735,0
nystrom-1d-redist-1d,cpp,perlmutter-gpu-cpu,2,8,32,50000,5000,8,1,1,1,1,8,9.23395,0.187719,8.058032,0.967354,0.164744,0.0,0,0,0.029789,0
nystrom-1d-noredist-1d,cpp,perlmutter-gpu,8,32,32,50000,5000,32,1,1,32,1,1,1.015799,0.074001,0.20873,0.036607,0.0,0.883828,0,0,0.0,0
nystrom-1d-redist-1d,cpp,perlmutter-gpu,1,4,32,50000,5000,4,1,1,1,1,4,6.337022,0.076855,1.428935,0.158772,4.774529,0.0,0,0,0.029093,0
nystrom-1d-redist-1d,cpp,perlmutter-gpu,32,128,32,50000,500,128,1,1,1,1,128,0.242143,0.088124,0.031497,0.009826,0.249745,0.0,0,0,0.082216,0
nystrom-1d-noredist-1d,cpp,perlmutter-gpu,1,4,32,50000,500,4,1,1,4,1,1,0.173696,0.065719,0.128098,0.00092,0.0,0.207133,0,0,0.0,0
nystrom-1d-noredist-1d,cpp,perlmutter-gpu-cpu,1,4,32,50000,500,4,1,1,4,1,1,1.843228,0.102908,1.723393,0.026869,0.0,0.031484,0,0,0.0,0
nystrom-1d-redist-1d,cpp,perlmutter-gpu-cpu,8,32,32,50000,5000,32,1,1,1,1,32,2.731923,0.210406,2.253704,0.270974,0.139714,0.0,0,0,0.010334,0
nystrom-1d-redist-1d,cpp,perlmutter-gpu,1,4,32,50000,5000,4,1,1,1,1,4,6.332944,0.078351,1.426237,0.162966,4.877135,0.0,0,0,0.016459,0
nystrom-1d-redist-1d,cpp,perlmutter-gpu-cpu,1,4,32,50000,500,4,1,1,1,1,4,1.810537,0.044796,1.704151,0.045011,0.032694,0.0,0,0,0.007567,0
nystrom-1d-redist-1d,cpp,perlmutter-gpu-cpu,1,4,32,50000,500,4,1,1,1,1,4,1.85529,0.105049,1.713323,0.045539,0.083183,0.0,0,0,0.007756,0
nystrom-1d-noredist-1d,cpp,perlmutter-gpu-cpu,2,8,32,50000,5000,8,1,1,8,1,1,9.126348,0.231949,8.064104,0.854023,0.0,0.135486,0,0,0.0,0
nystrom-1d-noredist-1d,cpp,perlmutter-gpu-cpu,4,16,32,50000,5000,16,1,1,16,1,1,5.103808,0.217014,4.413334,0.468721,0.0,0.225997,0,0,0.0,0
nystrom-1d-noredist-1d,cpp,perlmutter-gpu,4,16,32,50000,500,16,1,1,16,1,1,0.164644,0.050238,0.049556,0.004743,0.0,0.144401,0,0,0.0,0
nystrom-1d-redist-1d,cpp,perlmutter-gpu,8,32,32,50000,5000,32,1,1,1,1,32,0.41978,0.080417,0.200922,0.020115,0.270635,0.0,0,0,0.053716,0
nystrom-1d-redist-1d,cpp,perlmutter-gpu,16,64,32,50000,500,64,1,1,1,1,64,0.186974,0.086005,0.029493,0.009759,0.201806,0.0,0,0,0.097856,0
nystrom-1d-redist-1d,cpp,perlmutter-gpu,8,32,32,50000,5000,32,1,1,1,1,32,0.371034,0.081503,0.201207,0.02356,0.278487,0.0,0,0,0.030215,0
nystrom-1d-redist-1d,cpp,perlmutter-gpu-cpu,8,32,32,50000,5000,32,1,1,1,1,32,2.715335,0.200129,2.252174,0.255588,0.092619,0.0,0,0,0.009729,0
nystrom-1d-noredist-1d,cpp,perlmutter-gpu-cpu,1,4,32,50000,5000,4,1,1,4,1,1,20.112408,0.21076,18.091618,1.759898,0.0,0.561462,0,0,0.0,0
nystrom-1d-redist-1d,cpp,perlmutter-gpu-cpu,16,64,32,50000,500,64,1,1,1,1,64,0.222069,0.044655,0.161511,0.025934,0.024508,0.0,0,0,0.003971,0
nystrom-1d-redist-1d,cpp,perlmutter-gpu-cpu,4,16,32,50000,500,16,1,1,1,1,16,0.6359,0.131643,0.496073,0.039041,0.124569,0.0,0,0,0.003407,0
nystrom-1d-redist-1d,cpp,perlmutter-gpu-cpu,4,16,32,50000,5000,16,1,1,1,1,16,5.006591,0.189028,4.335752,0.463529,0.159118,0.0,0,0,0.016054,0
nystrom-1d-redist-1d,cpp,perlmutter-gpu,8,32,32,50000,500,32,1,1,1,1,32,0.157309,0.072146,0.03921,0.009591,0.169337,0.0,0,0,0.015115,0
nystrom-1d-redist-1d,cpp,perlmutter-gpu,2,8,32,50000,500,8,1,1,1,1,8,0.295173,0.082603,0.082315,0.00978,0.218254,0.0,0,0,0.008805,0
nystrom-1d-noredist-1d,cpp,perlmutter-gpu-cpu,8,32,32,50000,500,32,1,1,32,1,1,0.48464,0.154293,0.344299,0.01316,0.0,0.111763,0,0,0.0,0
nystrom-1d-redist-1d,cpp,perlmutter-gpu-cpu,2,8,32,50000,500,8,1,1,1,1,8,0.98572,0.044861,0.907558,0.035735,0.035983,0.0,0,0,0.005045,0
nystrom-1d-noredist-1d,cpp,perlmutter-gpu-cpu,1,4,32,50000,500,4,1,1,4,1,1,1.804312,0.0694,1.698007,0.026647,0.0,0.059096,0,0,0.0,0
nystrom-1d-redist-1d,cpp,perlmutter-gpu-cpu,16,64,32,50000,5000,64,1,1,1,1,64,1.612952,0.202606,1.185399,0.223105,0.079827,0.0,0,0,0.007531,0
nystrom-1d-redist-1d,cpp,perlmutter-gpu-cpu,2,8,32,50000,5000,8,1,1,1,1,8,9.234943,0.225933,8.04141,0.952503,0.177759,0.0,0,0,0.029393,0
nystrom-1d-redist-1d,cpp,perlmutter-gpu,2,8,32,50000,500,8,1,1,1,1,8,0.150513,0.030024,0.086237,0.009443,0.104522,0.0,0,0,0.00829,0
nystrom-1d-noredist-1d,cpp,perlmutter-gpu-cpu,4,16,32,50000,500,16,1,1,16,1,1,0.566045,0.072752,0.491428,0.015748,0.0,0.041908,0,0,0.0,0
nystrom-1d-redist-1d,cpp,perlmutter-gpu,4,16,32,50000,5000,16,1,1,1,1,16,0.601533,0.092246,0.375831,0.037815,0.223685,0.0,0,0,0.008805,0
nystrom-1d-redist-1d,cpp,perlmutter-gpu,32,128,32,50000,500,128,1,1,1,1,128,0.355127,0.093098,0.029124,0.009643,0.258158,0.0,0,0,0.077509,0
nystrom-1d-redist-1d,cpp,perlmutter-gpu-cpu,32,128,32,50000,500,128,1,1,1,1,128,0.2439,0.129211,0.117332,0.034697,0.124065,0.0,0,0,0.005597,0
nystrom-1d-redist-1d,cpp,perlmutter-gpu,2,8,32,50000,5000,8,1,1,1,1,8,0.946232,0.061974,0.749106,0.067935,0.188595,0.0,0,0,0.023739,0
nystrom-1d-noredist-1d,cpp,perlmutter-gpu,4,16,32,50000,500,16,1,1,16,1,1,0.357151,0.088738,0.058737,0.006701,0.0,0.35193,0,0,0.0,0
nystrom-1d-redist-1d,cpp,perlmutter-gpu-cpu,32,128,32,50000,500,128,1,1,1,1,128,0.22166,0.10557,0.15094,0.039573,0.104191,0.0,0,0,0.005529,0
nystrom-1d-redist-1d,cpp,perlmutter-gpu,16,64,32,50000,5000,64,1,1,1,1,64,0.338745,0.096401,0.116908,0.014843,0.229949,0.0,0,0,0.036172,0
nystrom-1d-noredist-1d,cpp,perlmutter-gpu-cpu,2,8,32,50000,500,8,1,1,8,1,1,0.963858,0.07743,0.906186,0.032104,0.0,0.023709,0,0,0.0,0
nystrom-1d-noredist-1d,cpp,perlmutter-gpu,16,64,32,50000,500,64,1,1,64,1,1,1.679234,0.153222,0.075964,0.003658,0.0,1.525542,0,0,0.0,0
nystrom-1d-noredist-1d,cpp,perlmutter-gpu,8,32,32,50000,5000,32,1,1,32,1,1,0.866888,0.071117,0.202312,0.03809,0.0,0.772832,0,0,0.0,0
nystrom-1d-noredist-1d,cpp,perlmutter-gpu-cpu,2,8,32,50000,5000,8,1,1,8,1,1,9.105913,0.214111,8.035465,0.843453,0.0,0.165367,0,0,0.0,0
nystrom-1d-redist-1d,cpp,perlmutter-gpu-cpu,4,16,32,50000,500,16,1,1,1,1,16,0.57011,0.068964,0.491456,0.027113,0.030528,0.0,0,0,0.003457,0
nystrom-1d-noredist-1d,cpp,perlmutter-gpu,32,128,32,50000,5000,128,1,1,128,1,1,1.37235,0.099732,0.06851,0.030993,0.0,1.318949,0,0,0.0,0
nystrom-1d-redist-1d,cpp,perlmutter-gpu,4,16,32,50000,500,16,1,1,1,1,16,0.224356,0.022772,0.055017,0.009248,0.154676,0.0,0,0,0.024945,0
nystrom-1d-redist-1d,cpp,perlmutter-gpu,4,16,32,50000,500,16,1,1,1,1,16,0.113584,0.023659,0.05719,0.009199,0.154572,0.0,0,0,0.025273,0
nystrom-1d-redist-1d,cpp,perlmutter-gpu,2,8,32,50000,500,8,1,1,1,1,8,0.226245,0.070416,0.090605,0.009253,0.15943,0.0,0,0,0.015198,0
nystrom-1d-noredist-1d,cpp,perlmutter-gpu,16,64,32,50000,5000,64,1,1,64,1,1,1.625794,0.082214,0.12062,0.016109,0.0,1.668388,0,0,0.0,0
nystrom-1d-noredist-1d,cpp,perlmutter-gpu,1,4,32,50000,500,4,1,1,4,1,1,0.322891,0.071688,0.131989,0.004462,0.0,0.231999,0,0,0.0,0
nystrom-1d-noredist-1d,cpp,perlmutter-gpu,2,8,32,50000,500,8,1,1,8,1,1,0.301974,0.070661,0.095852,0.007033,0.0,0.339613,0,0,0.0,0
nystrom-1d-redist-1d,cpp,perlmutter-gpu,4,16,32,50000,500,16,1,1,1,1,16,0.160261,0.025714,0.049729,0.008989,0.075064,0.0,0,0,0.0111,0
nystrom-1d-noredist-1d,cpp,perlmutter-gpu-cpu,4,16,32,50000,5000,16,1,1,16,1,1,5.006054,0.221465,4.335913,0.450898,0.0,0.130427,0,0,0.0,0
nystrom-1d-redist-1d,cpp,perlmutter-gpu,2,8,32,50000,5000,8,1,1,1,1,8,0.876215,0.049051,0.747568,0.068016,0.122213,0.0,0,0,0.030745,0
nystrom-1d-redist-1d,cpp,perlmutter-gpu-cpu,16,64,32,50000,500,64,1,1,1,1,64,0.239556,0.061893,0.172314,0.022798,0.040084,0.0,0,0,0.003878,0
nystrom-1d-redist-1d,cpp,perlmutter-gpu-cpu,32,128,32,50000,5000,128,1,1,1,1,128,1.10288,0.24865,0.684703,0.225041,0.148407,0.0,0,0,0.004255,0
nystrom-1d-redist-1d,cpp,perlmutter-gpu-cpu,2,8,32,50000,500,8,1,1,1,1,8,1.038717,0.070421,0.935606,0.034186,0.075851,0.0,0,0,0.004756,0
nystrom-1d-noredist-1d,cpp,perlmutter-gpu-cpu,32,128,32,50000,500,128,1,1,128,1,1,0.18575,0.076935,0.118217,0.015677,0.0,0.078849,0,0,0.0,0
nystrom-1d-redist-1d,cpp,perlmutter-gpu-cpu,4,16,32,50000,5000,16,1,1,1,1,16,5.05511,0.216133,4.3506,0.452099,0.165243,0.0,0,0,0.016135,0
nystrom-1d-redist-1d,cpp,perlmutter-gpu-cpu,2,8,32,50000,500,8,1,1,1,1,8,0.992016,0.047377,0.907518,0.029761,0.05187,0.0,0,0,0.004757,0
nystrom-1d-redist-1d,cpp,perlmutter-gpu,2,8,32,50000,5000,8,1,1,1,1,8,0.872125,0.03089,0.742571,0.076713,0.083989,0.0,0,0,0.012233,0
nystrom-1d-noredist-1d,cpp,perlmutter-gpu,1,4,32,50000,5000,4,1,1,4,1,1,1.890009,0.077865,1.481152,0.179203,0.0,0.24465,0,0,0.0,0
nystrom-1d-noredist-1d,cpp,perlmutter-gpu-cpu,8,32,32,50000,500,32,1,1,32,1,1,0.319355,0.044962,0.267296,0.012238,0.0,0.024071,0,0,0.0,0
nystrom-1d-noredist-1d,cpp,perlmutter-gpu-cpu,32,128,32,50000,500,128,1,1,128,1,1,0.188774,0.0822,0.120349,0.026221,0.0,0.083386,0,0,0.0,0
nystrom-1d-noredist-1d,cpp,perlmutter-gpu-cpu,32,128,32,50000,5000,128,1,1,128,1,1,1.071174,0.259659,0.688012,0.108856,0.0,0.237253,0,0,0.0,0
nystrom-1d-noredist-1d,cpp,perlmutter-gpu-cpu,1,4,32,50000,5000,4,1,1,4,1,1,19.867204,0.192274,17.957945,1.682966,0.0,0.291009,0,0,0.0,0
nystrom-1d-redist-1d,cpp,perlmutter-gpu-cpu,8,32,32,50000,5000,32,1,1,1,1,32,2.747209,0.207177,2.260385,0.286376,0.139931,0.0,0,0,0.010312,0
nystrom-1d-redist-1d,cpp,perlmutter-gpu-cpu,32,128,32,50000,500,128,1,1,1,1,128,0.200453,0.080599,0.131783,0.038822,0.078672,0.0,0,0,0.005519,0
nystrom-1d-noredist-1d,cpp,perlmutter-gpu-cpu,32,128,32,50000,5000,128,1,1,128,1,1,1.060354,0.241882,0.689607,0.108629,0.0,0.22039,0,0,0.0,0
nystrom-1d-noredist-1d,cpp,perlmutter-gpu,2,8,32,50000,5000,8,1,1,8,1,1,0.960861,0.050886,0.761297,0.099185,0.0,0.191323,0,0,0.0,0
nystrom-1d-noredist-1d,cpp,perlmutter-gpu-cpu,4,16,32,50000,5000,16,1,1,16,1,1,5.035552,0.220609,4.346874,0.47588,0.0,0.135684,0,0,0.0,0
nystrom-1d-noredist-1d,cpp,perlmutter-gpu,8,32,32,50000,500,32,1,1,32,1,1,0.693517,0.063192,0.03579,0.006908,0.0,0.687606,0,0,0.0,0
nystrom-1d-noredist-1d,cpp,perlmutter-gpu,1,4,32,50000,500,4,1,1,4,1,1,0.329885,0.072833,0.105524,0.007054,0.0,0.173434,0,0,0.0,0
nystrom-1d-noredist-1d,cpp,perlmutter-gpu,16,64,32,50000,500,64,1,1,64,1,1,0.99006,0.075781,0.030452,0.004599,0.0,1.097534,0,0,0.0,0
nystrom-1d-redist-1d,cpp,perlmutter-gpu-cpu,4,16,32,50000,5000,16,1,1,1,1,16,5.032176,0.215923,4.324303,0.454287,0.200189,0.0,0,0,0.016018,0
nystrom-1d-noredist-1d,cpp,perlmutter-gpu,16,64,32,50000,5000,64,1,1,64,1,1,0.784198,0.092202,0.122979,0.016097,0.0,0.748029,0,0,0.0,0
nystrom-1d-noredist-1d,cpp,perlmutter-gpu-cpu,4,16,32,50000,500,16,1,1,16,1,1,0.568283,0.081408,0.497917,0.019153,0.0,0.048381,0,0,0.0,0
nystrom-1d-noredist-1d,cpp,perlmutter-gpu-cpu,4,16,32,50000,500,16,1,1,16,1,1,0.552284,0.045547,0.491396,0.020512,0.0,0.033866,0,0,0.0,0
nystrom-1d-redist-1d,cpp,perlmutter-gpu-cpu,1,4,32,50000,500,4,1,1,1,1,4,1.815645,0.036296,1.718566,0.051818,0.055634,0.0,0,0,0.006727,0
nystrom-1d-noredist-1d,cpp,perlmutter-gpu-cpu,4,16,32,50000,5000,16,1,1,16,1,1,5.042834,0.227688,4.336222,0.465485,0.0,0.163613,0,0,0.0,0
nystrom-1d-redist-1d,cpp,perlmutter-gpu-cpu,1,4,32,50000,5000,4,1,1,1,1,4,20.567898,0.211361,17.810171,2.380082,0.254187,0.0,0,0,0.050315,0
nystrom-1d-noredist-1d,cpp,perlmutter-gpu-cpu,16,64,32,50000,500,64,1,1,64,1,1,0.237613,0.087386,0.177599,0.011466,0.0,0.055855,0,0,0.0,0
nystrom-1d-redist-1d,cpp,perlmutter-gpu-cpu,2,8,32,50000,5000,8,1,1,1,1,8,9.209815,0.219016,8.041653,0.951237,0.13119,0.0,0,0,0.029876,0
nystrom-1d-noredist-1d,cpp,perlmutter-gpu,1,4,32,50000,500,4,1,1,4,1,1,0.182006,0.074866,0.134132,0.001216,0.0,0.183707,0,0,0.0,0
nystrom-1d-redist-1d,cpp,perlmutter-gpu,16,64,32,50000,500,64,1,1,1,1,64,0.22211,0.071975,0.030073,0.053268,0.1854,0.0,0,0,0.041862,0
nystrom-1d-noredist-1d,cpp,perlmutter-gpu-cpu,2,8,32,50000,5000,8,1,1,8,1,1,9.145698,0.194815,8.058014,0.959269,0.0,0.134368,0,0,0.0,0
nystrom-1d-noredist-1d,cpp,perlmutter-gpu-cpu,1,4,32,50000,5000,4,1,1,4,1,1,19.88508,0.221014,17.891893,1.724954,0.0,0.292022,0,0,0.0,0
nystrom-1d-redist-1d,cpp,perlmutter-gpu,1,4,32,50000,500,4,1,1,1,1,4,0.669211,0.051424,0.145076,0.003492,0.507483,0.0,0,0,0.008626,0
nystrom-1d-noredist-1d,cpp,perlmutter-gpu-cpu,2,8,32,50000,5000,8,1,1,8,1,1,9.152345,0.218717,8.05946,0.853584,0.0,0.139926,0,0,0.0,0
nystrom-1d-noredist-1d,cpp,perlmutter-gpu-cpu,8,32,32,50000,5000,32,1,1,32,1,1,2.821489,0.255772,2.245569,0.266532,0.0,0.237405,0,0,0.0,0
nystrom-1d-noredist-1d,cpp,perlmutter-gpu-cpu,8,32,32,50000,5000,32,1,1,32,1,1,2.802659,0.220923,2.243993,0.27875,0.0,0.217032,0,0,0.0,0
nystrom-1d-noredist-1d,cpp,perlmutter-gpu,16,64,32,50000,5000,64,1,1,64,1,1,1.620654,0.09177,0.118891,0.016108,0.0,1.577623,0,0,0.0,0
nystrom-1d-noredist-1d,cpp,perlmutter-gpu-cpu,32,128,32,50000,500,128,1,1,128,1,1,0.186845,0.102917,0.102178,0.011575,0.0,0.080476,0,0,0.0,0
nystrom-1d-noredist-1d,cpp,perlmutter-gpu-cpu,16,64,32,50000,500,64,1,1,64,1,1,0.254582,0.063101,0.186345,0.02538,0.0,0.072047,0,0,0.0,0
nystrom-1d-noredist-1d,cpp,perlmutter-gpu-cpu,32,128,32,50000,5000,128,1,1,128,1,1,1.031374,0.262589,0.684988,0.107239,0.0,0.193554,0,0,0.0,0
nystrom-1d-noredist-1d,cpp,perlmutter-gpu-cpu,4,16,32,50000,5000,16,1,1,16,1,1,5.017128,0.23818,4.31764,0.462894,0.0,0.149191,0,0,0.0,0
nystrom-1d-redist-1d,cpp,perlmutter-gpu-cpu,32,128,32,50000,5000,128,1,1,1,1,128,1.138465,0.276426,0.726019,0.225499,0.186499,0.0,0,0,0.003896,0
nystrom-1d-noredist-1d,cpp,perlmutter-gpu-cpu,8,32,32,50000,5000,32,1,1,32,1,1,2.747982,0.207047,2.237556,0.251371,0.0,0.181448,0,0,0.0,0
nystrom-1d-noredist-1d,cpp,perlmutter-gpu,4,16,32,50000,5000,16,1,1,16,1,1,0.806597,0.027091,0.393611,0.043452,0.0,0.423736,0,0,0.0,0
nystrom-1d-noredist-1d,cpp,perlmutter-gpu,8,32,32,50000,5000,32,1,1,32,1,1,0.925219,0.077148,0.207351,0.037808,0.0,0.79072,0,0,0.0,0
nystrom-1d-noredist-1d,cpp,perlmutter-gpu-cpu,8,32,32,50000,5000,32,1,1,32,1,1,2.773027,0.234032,2.249939,0.277645,0.0,0.18706,0,0,0.0,0
nystrom-1d-noredist-1d,cpp,perlmutter-gpu-cpu,1,4,32,50000,500,4,1,1,4,1,1,1.766995,0.03765,1.701991,0.027535,0.0,0.022962,0,0,0.0,0
nystrom-1d-redist-1d,cpp,perlmutter-gpu,8,32,32,50000,500,32,1,1,1,1,32,0.164378,0.088355,0.035337,0.009054,0.186062,0.0,0,0,0.01145,0
nystrom-1d-redist-1d,cpp,perlmutter-gpu,8,32,32,50000,500,32,1,1,1,1,32,0.191033,0.095483,0.036563,0.009177,0.222933,0.0,0,0,0.024409,0
nystrom-1d-redist-1d,cpp,perlmutter-gpu,32,128,32,50000,5000,128,1,1,1,1,128,0.317044,0.100112,0.071506,0.006413,0.242443,0.0,0,0,0.068059,0
nystrom-1d-noredist-1d,cpp,perlmutter-gpu,32,128,32,50000,500,128,1,1,128,1,1,2.275452,0.091083,0.028932,0.001777,0.0,2.293816,0,0,0.0,0
nystrom-1d-noredist-1d,cpp,perlmutter-gpu,2,8,32,50000,500,8,1,1,8,1,1,0.129832,0.023564,0.078313,0.004739,0.0,0.085966,0,0,0.0,0
nystrom-1d-noredist-1d,cpp,perlmutter-gpu,16,64,32,50000,500,64,1,1,64,1,1,0.82756,0.087816,0.029152,0.0027,0.0,0.854742,0,0,0.0,0
nystrom-1d-redist-1d,cpp,perlmutter-gpu,32,128,32,50000,5000,128,1,1,1,1,128,0.342604,0.083135,0.071172,0.005408,0.243474,0.0,0,0,0.068614,0
nystrom-1d-redist-1d,cpp,perlmutter-gpu-cpu,32,128,32,50000,5000,128,1,1,1,1,128,1.103498,0.263304,0.684408,0.230443,0.153975,0.0,0,0,0.004301,0
nystrom-1d-noredist-1d,cpp,perlmutter-gpu-cpu,32,128,32,50000,5000,128,1,1,128,1,1,1.034591,0.23438,0.689107,0.109876,0.0,0.197805,0,0,0.0,0
nystrom-1d-redist-1d,cpp,perlmutter-gpu-cpu,2,8,32,50000,500,8,1,1,1,1,8,0.989169,0.039522,0.908224,0.030625,0.026986,0.0,0,0,0.004715,0
nystrom-1d-noredist-1d,cpp,perlmutter-gpu,8,32,32,50000,5000,32,1,1,32,1,1,1.134196,0.100676,0.20915,0.038332,0.0,0.919611,0,0,0.0,0
nystrom-1d-noredist-1d,cpp,perlmutter-gpu,4,16,32,50000,500,16,1,1,16,1,1,0.244024,0.030399,0.058366,0.005622,0.0,0.205335,0,0,0.0,0
nystrom-1d-noredist-1d,cpp,perlmutter-gpu-cpu,8,32,32,50000,5000,32,1,1,32,1,1,2.785558,0.209254,2.237655,0.312227,0.0,0.182385,0,0,0.0,0
nystrom-1d-noredist-1d,cpp,perlmutter-gpu,4,16,32,50000,500,16,1,1,16,1,1,0.313086,0.087195,0.111152,0.003397,0.0,0.137536,0,0,0.0,0
nystrom-1d-redist-1d,cpp,perlmutter-gpu,32,128,32,50000,500,128,1,1,1,1,128,0.317226,0.083126,0.029605,0.009914,0.275935,0.0,0,0,0.082862,0
nystrom-1d-redist-1d,cpp,perlmutter-gpu,2,8,32,50000,500,8,1,1,1,1,8,0.237774,0.037734,0.075263,0.048813,0.094012,0.0,0,0,0.042425,0
nystrom-1d-noredist-1d,cpp,perlmutter-gpu-cpu,8,32,32,50000,500,32,1,1,32,1,1,0.324161,0.048761,0.28152,0.01194,0.0,0.026987,0,0,0.0,0
nystrom-1d-noredist-1d,cpp,perlmutter-gpu,16,64,32,50000,500,64,1,1,64,1,1,0.580214,0.087553,0.029383,0.00458,0.0,0.626174,0,0,0.0,0
nystrom-1d-noredist-1d,cpp,perlmutter-gpu-cpu,1,4,32,50000,500,4,1,1,4,1,1,1.783307,0.045734,1.712129,0.029823,0.0,0.014589,0,0,0.0,0
nystrom-1d-noredist-1d,cpp,perlmutter-gpu-cpu,8,32,32,50000,500,32,1,1,32,1,1,0.31138,0.043194,0.267981,0.005048,0.0,0.014996,0,0,0.0,0
nystrom-1d-noredist-1d,cpp,perlmutter-gpu-cpu,4,16,32,50000,5000,16,1,1,16,1,1,5.034565,0.203308,4.348763,0.467929,0.0,0.185874,0,0,0.0,0
nystrom-1d-redist-1d,cpp,perlmutter-gpu-cpu,8,32,32,50000,500,32,1,1,1,1,32,0.332333,0.038876,0.266245,0.023052,0.01936,0.0,0,0,0.003287,0
nystrom-1d-noredist-1d,cpp,perlmutter-gpu,2,8,32,50000,5000,8,1,1,8,1,1,1.133431,0.084802,0.753031,0.096015,0.0,0.287402,0,0,0.0,0
nystrom-1d-redist-1d,cpp,perlmutter-gpu-cpu,4,16,32,50000,500,16,1,1,1,1,16,0.552818,0.045213,0.489841,0.04186,0.024916,0.0,0,0,0.003409,0
nystrom-1d-redist-1d,cpp,perlmutter-gpu-cpu,1,4,32,50000,5000,4,1,1,1,1,4,20.639477,0.224676,17.890244,2.430368,0.227272,0.0,0,0,0.051935,0
nystrom-1d-redist-1d,cpp,perlmutter-gpu-cpu,32,128,32,50000,500,128,1,1,1,1,128,0.258981,0.153483,0.126863,0.035277,0.126255,0.0,0,0,0.00552,0
nystrom-1d-redist-1d,cpp,perlmutter-gpu,16,64,32,50000,500,64,1,1,1,1,64,0.188348,0.086637,0.030087,0.009594,0.178823,0.0,0,0,0.104262,0
nystrom-1d-redist-1d,cpp,perlmutter-gpu-cpu,2,8,32,50000,500,8,1,1,1,1,8,0.979658,0.069461,0.904559,0.034308,0.041521,0.0,0,0,0.004733,0
nystrom-1d-noredist-1d,cpp,perlmutter-gpu-cpu,16,64,32,50000,5000,64,1,1,64,1,1,1.634537,0.226708,1.179203,0.165599,0.0,0.197007,0,0,0.0,0
nystrom-1d-noredist-1d,cpp,perlmutter-gpu-cpu,32,128,32,50000,500,128,1,1,128,1,1,0.201537,0.122694,0.095531,0.028925,0.0,0.094955,0,0,0.0,0
nystrom-1d-noredist-1d,cpp,perlmutter-gpu-cpu,16,64,32,50000,500,64,1,1,64,1,1,0.278834,0.127486,0.168076,0.003212,0.0,0.100898,0,0,0.0,0
nystrom-1d-redist-1d,cpp,perlmutter-gpu-cpu,4,16,32,50000,500,16,1,1,1,1,16,0.561165,0.036032,0.493682,0.020485,0.033362,0.0,0,0,0.003434,0
nystrom-1d-redist-1d,cpp,perlmutter-gpu,4,16,32,50000,5000,16,1,1,1,1,16,0.583641,0.084514,0.370724,0.029462,0.199993,0.0,0,0,0.02686,0
nystrom-1d-noredist-1d,cpp,perlmutter-gpu,32,128,32,50000,500,128,1,1,128,1,1,2.442079,0.07259,0.029102,0.001791,0.0,2.572902,0,0,0.0,0
nystrom-1d-noredist-1d,cpp,perlmutter-gpu-cpu,1,4,32,50000,5000,4,1,1,4,1,1,19.85683,0.206872,17.922362,1.683152,0.0,0.376667,0,0,0.0,0
nystrom-1d-noredist-1d,cpp,perlmutter-gpu-cpu,16,64,32,50000,500,64,1,1,64,1,1,0.28332,0.062766,0.231461,0.002861,0.0,0.101157,0,0,0.0,0
nystrom-1d-noredist-1d,cpp,perlmutter-gpu,32,128,32,50000,5000,128,1,1,128,1,1,3.118978,0.080908,0.072626,0.021021,0.0,3.123728,0,0,0.0,0
nystrom-1d-redist-1d,cpp,perlmutter-gpu-cpu,2,8,32,50000,500,8,1,1,1,1,8,0.987107,0.075226,0.907514,0.031992,0.039702,0.0,0,0,0.004738,0
nystrom-1d-redist-1d,cpp,perlmutter-gpu,16,64,32,50000,5000,64,1,1,1,1,64,0.315285,0.08656,0.122095,0.014811,0.231515,0.0,0,0,0.05519,0
nystrom-1d-redist-1d,cpp,perlmutter-gpu,1,4,32,50000,5000,4,1,1,1,1,4,6.34275,0.067234,1.487917,0.156276,4.611333,0.0,0,0,0.011081,0
nystrom-1d-redist-1d,cpp,perlmutter-gpu-cpu,16,64,32,50000,5000,64,1,1,1,1,64,1.619596,0.209978,1.191778,0.217909,0.096096,0.0,0,0,0.007431,0
nystrom-1d-noredist-1d,cpp,perlmutter-gpu,8,32,32,50000,500,32,1,1,32,1,1,0.692127,0.06878,0.036654,0.005238,0.0,0.807134,0,0,0.0,0
nystrom-1d-redist-1d,cpp,perlmutter-gpu,1,4,32,50000,5000,4,1,1,1,1,4,6.325932,0.054542,1.479071,0.162775,4.653054,0.0,0,0,0.015244,0
nystrom-1d-noredist-1d,cpp,perlmutter-gpu-cpu,4,16,32,50000,500,16,1,1,16,1,1,0.553855,0.076718,0.491822,0.013534,0.0,0.029492,0,0,0.0,0
nystrom-1d-redist-1d,cpp,perlmutter-gpu-cpu,4,16,32,50000,5000,16,1,1,1,1,16,5.040381,0.249795,4.330756,0.451736,0.147617,0.0,0,0,0.016118,0
nystrom-1d-redist-1d,cpp,perlmutter-gpu,1,4,32,50000,500,4,1,1,1,1,4,0.698182,0.07482,0.09235,0.002635,0.574662,0.0,0,0,0.019673,0
nystrom-1d-noredist-1d,cpp,perlmutter-gpu-cpu,16,64,32,50000,500,64,1,1,64,1,1,0.480873,0.131058,0.265723,0.009929,0.0,0.228638,0,0,0.0,0
nystrom-1d-redist-1d,cpp,perlmutter-gpu,1,4,32,50000,500,4,1,1,1,1,4,0.685834,0.070206,0.126496,0.00183,0.545068,0.0,0,0,0.011666,0
nystrom-1d-noredist-1d,cpp,perlmutter-gpu-cpu,2,8,32,50000,5000,8,1,1,8,1,1,9.176594,0.207935,8.051904,0.901699,0.0,0.195642,0,0,0.0,0
nystrom-1d-noredist-1d,cpp,perlmutter-gpu,32,128,32,50000,500,128,1,1,128,1,1,2.367096,0.086629,0.029973,0.001815,0.0,2.438526,0,0,0.0,0
nystrom-1d-redist-1d,cpp,perlmutter-gpu-cpu,4,16,32,50000,500,16,1,1,1,1,16,0.562332,0.045436,0.489559,0.024599,0.039916,0.0,0,0,0.003437,0
nystrom-1d-noredist-1d,cpp,perlmutter-gpu-cpu,4,16,32,50000,5000,16,1,1,16,1,1,5.032182,0.264059,4.338895,0.478688,0.0,0.162993,0,0,0.0,0
nystrom-1d-redist-1d,cpp,perlmutter-gpu,1,4,32,50000,5000,4,1,1,1,1,4,6.353462,0.062393,1.431756,0.163504,4.843361,0.0,0,0,0.012716,0
nystrom-1d-noredist-1d,cpp,perlmutter-gpu-cpu,8,32,32,50000,500,32,1,1,32,1,1,0.312032,0.0428,0.26586,0.007515,0.0,0.018384,0,0,0.0,0
nystrom-1d-noredist-1d,cpp,perlmutter-gpu,32,128,32,50000,500,128,1,1,128,1,1,2.318394,0.095271,0.030374,0.001769,0.0,2.451113,0,0,0.0,0
nystrom-1d-noredist-1d,cpp,perlmutter-gpu,2,8,32,50000,500,8,1,1,8,1,1,0.224902,0.07464,0.137889,0.001986,0.0,0.019472,0,0,0.0,0
nystrom-1d-noredist-1d,cpp,perlmutter-gpu,1,4,32,50000,500,4,1,1,4,1,1,0.348407,0.100102,0.112334,0.006022,0.0,0.152775,0,0,0.0,0
nystrom-1d-redist-1d,cpp,perlmutter-gpu-cpu,8,32,32,50000,500,32,1,1,1,1,32,0.358061,0.072929,0.270525,0.024116,0.046428,0.0,0,0,0.00329,0
nystrom-1d-redist-1d,cpp,perlmutter-gpu,32,128,32,50000,5000,128,1,1,1,1,128,0.380274,0.100825,0.068399,0.00786,0.261544,0.0,0,0,0.122447,0
nystrom-1d-noredist-1d,cpp,perlmutter-gpu,16,64,32,50000,500,64,1,1,64,1,1,0.809766,0.074909,0.030037,0.004537,0.0,0.875301,0,0,0.0,0
nystrom-1d-noredist-1d,cpp,perlmutter-gpu,2,8,32,50000,5000,8,1,1,8,1,1,0.977052,0.049813,0.761013,0.105476,0.0,0.350573,0,0,0.0,0
nystrom-1d-redist-1d,cpp,perlmutter-gpu,4,16,32,50000,5000,16,1,1,1,1,16,0.476256,0.084454,0.373486,0.037926,0.293239,0.0,0,0,0.024398,0
nystrom-1d-redist-1d,cpp,perlmutter-gpu-cpu,2,8,32,50000,5000,8,1,1,1,1,8,9.230148,0.208086,8.031688,0.961312,0.135369,0.0,0,0,0.029832,0
nystrom-1d-redist-1d,cpp,perlmutter-gpu,8,32,32,50000,500,32,1,1,1,1,32,0.177445,0.094024,0.039257,0.009102,0.22855,0.0,0,0,0.012883,0
nystrom-1d-noredist-1d,cpp,perlmutter-gpu,4,16,32,50000,5000,16,1,1,16,1,1,0.65629,0.03991,0.396629,0.044252,0.0,0.523437,0,0,0.0,0
nystrom-1d-redist-1d,cpp,perlmutter-gpu,8,32,32,50000,5000,32,1,1,1,1,32,0.35389,0.076028,0.197642,0.020166,0.272074,0.0,0,0,0.016691,0
nystrom-1d-noredist-1d,cpp,perlmutter-gpu-cpu,32,128,32,50000,5000,128,1,1,128,1,1,1.04135,0.254223,0.702119,0.097052,0.0,0.205286,0,0,0.0,0
nystrom-1d-noredist-1d,cpp,perlmutter-gpu,1,4,32,50000,5000,4,1,1,4,1,1,1.854727,0.028583,1.485088,0.176793,0.0,0.248245,0,0,0.0,0
nystrom-1d-noredist-1d,cpp,perlmutter-gpu,16,64,32,50000,5000,64,1,1,64,1,1,1.786969,0.115118,0.117273,0.016117,0.0,1.687085,0,0,0.0,0
nystrom-1d-noredist-1d,cpp,perlmutter-gpu,4,16,32,50000,5000,16,1,1,16,1,1,0.583728,0.034652,0.390883,0.043402,0.0,0.194193,0,0,0.0,0
nystrom-1d-redist-1d,cpp,perlmutter-gpu-cpu,1,4,32,50000,500,4,1,1,1,1,4,1.810161,0.037143,1.703261,0.044771,0.028773,0.0,0,0,0.007672,0
nystrom-1d-noredist-1d,cpp,perlmutter-gpu-cpu,16,64,32,50000,500,64,1,1,64,1,1,0.22732,0.067377,0.164499,0.014109,0.0,0.045066,0,0,0.0,0
nystrom-1d-noredist-1d,cpp,perlmutter-gpu-cpu,8,32,32,50000,5000,32,1,1,32,1,1,2.797178,0.201017,2.2791,0.278249,0.0,0.208916,0,0,0.0,0
nystrom-1d-redist-1d,cpp,perlmutter-gpu-cpu,32,128,32,50000,500,128,1,1,1,1,128,0.242654,0.151976,0.145449,0.04408,0.12326,0.0,0,0,0.005606,0
nystrom-1d-noredist-1d,cpp,perlmutter-gpu-cpu,16,64,32,50000,500,64,1,1,64,1,1,0.225876,0.071435,0.164177,0.003481,0.0,0.043873,0,0,0.0,0
nystrom-1d-redist-1d,cpp,perlmutter-gpu,8,32,32,50000,500,32,1,1,1,1,32,0.180022,0.085321,0.040366,0.009021,0.249768,0.0,0,0,0.01389,0
nystrom-1d-redist-1d,cpp,perlmutter-gpu,32,128,32,50000,500,128,1,1,1,1,128,0.310851,0.077546,0.029895,0.00974,0.240101,0.0,0,0,0.070078,0
nystrom-1d-noredist-1d,cpp,perlmutter-gpu-cpu,32,128,32,50000,500,128,1,1,128,1,1,0.214472,0.131503,0.123766,0.009638,0.0,0.107652,0,0,0.0,0
nystrom-1d-redist-1d,cpp,perlmutter-gpu-cpu,32,128,32,50000,5000,128,1,1,1,1,128,1.147386,0.260588,0.685126,0.221547,0.188416,0.0,0,0,0.003801,0
nystrom-1d-noredist-1d,cpp,perlmutter-gpu,2,8,32,50000,5000,8,1,1,8,1,1,1.004544,0.027064,0.756701,0.097661,0.0,0.195032,0,0,0.0,0
nystrom-1d-redist-1d,cpp,perlmutter-gpu,16,64,32,50000,5000,64,1,1,1,1,64,0.384224,0.097062,0.119054,0.012867,0.284127,0.0,0,0,0.035727,0
nystrom-1d-noredist-1d,cpp,perlmutter-gpu,8,32,32,50000,500,32,1,1,32,1,1,0.625191,0.072729,0.04365,0.006878,0.0,0.659668,0,0,0.0,0
nystrom-1d-noredist-1d,cpp,perlmutter-gpu,1,4,32,50000,500,4,1,1,4,1,1,0.263664,0.041595,0.167819,0.004919,0.0,0.065678,0,0,0.0,0
nystrom-1d-redist-1d,cpp,perlmutter-gpu,2,8,32,50000,5000,8,1,1,1,1,8,0.92772,0.075579,0.737425,0.076548,0.208037,0.0,0,0,0.016159,0
nystrom-1d-redist-1d,cpp,perlmutter-gpu-cpu,8,32,32,50000,500,32,1,1,1,1,32,0.329927,0.038532,0.269143,0.023217,0.016571,0.0,0,0,0.003269,0
nystrom-1d-noredist-1d,cpp,perlmutter-gpu,8,32,32,50000,500,32,1,1,32,1,1,0.490338,0.068771,0.037251,0.004775,0.0,0.622773,0,0,0.0,0
nystrom-1d-noredist-1d,cpp,perlmutter-gpu-cpu,4,16,32,50000,500,16,1,1,16,1,1,0.576376,0.073018,0.495534,0.021554,0.0,0.047951,0,0,0.0,0
nystrom-1d-redist-1d,cpp,perlmutter-gpu,16,64,32,50000,500,64,1,1,1,1,64,0.260093,0.09642,0.029504,0.009753,0.206323,0.0,0,0,0.05066,0
nystrom-1d-noredist-1d,cpp,perlmutter-gpu,32,128,32,50000,5000,128,1,1,128,1,1,2.656478,0.088857,0.071379,0.019579,0.0,2.812434,0,0,0.0,0
nystrom-1d-noredist-1d,cpp,perlmutter-gpu-cpu,2,8,32,50000,500,8,1,1,8,1,1,0.9637,0.041915,0.903273,0.022547,0.0,0.034048,0,0,0.0,0
nystrom-1d-redist-1d,cpp,perlmutter-gpu,32,128,32,50000,500,128,1,1,1,1,128,0.346214,0.063664,0.030052,0.009658,0.241856,0.0,0,0,0.131635,0
nystrom-1d-noredist-1d,cpp,perlmutter-gpu,1,4,32,50000,5000,4,1,1,4,1,1,1.874342,0.070726,1.401906,0.184161,0.0,0.541923,0,0,0.0,0
nystrom-1d-redist-1d,cpp,perlmutter-gpu,1,4,32,50000,500,4,1,1,1,1,4,0.679815,0.072293,0.105779,0.002578,0.580553,0.0,0,0,0.011599,0
nystrom-1d-noredist-1d,cpp,perlmutter-gpu,16,64,32,50000,5000,64,1,1,64,1,1,1.665791,0.10535,0.125897,0.016104,0.0,1.615144,0,0,0.0,0
nystrom-1d-noredist-1d,cpp,perlmutter-gpu-cpu,32,128,32,50000,5000,128,1,1,128,1,1,1.096903,0.25056,0.719269,0.10805,0.0,0.258415,0,0,0.0,0
nystrom-1d-redist-1d,cpp,perlmutter-gpu,8,32,32,50000,5000,32,1,1,1,1,32,0.361273,0.097671,0.192708,0.022403,0.299708,0.0,0,0,0.021741,0
nystrom-1d-redist-1d,cpp,perlmutter-gpu,32,128,32,50000,5000,128,1,1,1,1,128,0.291235,0.087238,0.073627,0.006084,0.248674,0.0,0,0,0.100284,0
nystrom-1d-redist-1d,cpp,perlmutter-gpu-cpu,2,8,32,50000,500,8,1,1,1,1,8,1.035719,0.09155,0.937802,0.031236,0.090245,0.0,0,0,0.004771,0
nystrom-1d-redist-1d,cpp,perlmutter-gpu-cpu,2,8,32,50000,500,8,1,1,1,1,8,0.978435,0.042257,0.896799,0.031585,0.02799,0.0,0,0,0.00519,0
nystrom-1d-noredist-1d,cpp,perlmutter-gpu-cpu,2,8,32,50000,500,8,1,1,8,1,1,0.970062,0.078001,0.89833,0.030637,0.0,0.045042,0,0,0.0,0
nystrom-1d-redist-1d,cpp,perlmutter-gpu,2,8,32,50000,5000,8,1,1,1,1,8,0.902112,0.038673,0.743336,0.076652,0.095375,0.0,0,0,0.011594,0
nystrom-1d-noredist-1d,cpp,perlmutter-gpu,1,4,32,50000,500,4,1,1,4,1,1,0.415621,0.048176,0.135404,0.005571,0.0,0.337641,0,0,0.0,0
