alg,impl,system,nnode,nproc,thread_per_proc,m,k,n,p,q,try,nb,gemm_time,gflops,timestamp
slate-gemm,cpp,perlmutter-gpu-cpu,32,128,32,50000,50000,50000,8,16,4,384,7.659733,32638.211268,2026-06-01T12:12:38
slate-gemm,cpp,perlmutter-gpu-cpu,4,16,32,50000,50000,50000,4,4,10,384,44.411217,5629.208455,2026-06-01T08:05:20
slate-gemm,cpp,perlmutter-gpu-cpu,32,128,32,50000,50000,50000,8,16,6,384,7.838518,31893.783064,2026-06-01T12:13:23
slate-gemm,cpp,perlmutter-gpu-cpu,4,16,32,50000,50000,50000,4,4,4,384,44.619989,5602.87007,2026-06-01T07:58:50
slate-gemm,cpp,perlmutter-gpu-cpu,2,8,32,50000,50000,50000,2,4,10,384,86.721395,2882.794965,2026-06-01T08:41:36
slate-gemm,cpp,perlmutter-gpu-cpu,1,4,32,50000,50000,50000,2,2,1,384,164.84039,1516.618592,2026-06-01T09:14:03
slate-gemm,cpp,perlmutter-gpu-cpu,32,128,32,50000,50000,50000,8,16,5,384,7.861485,31800.605729,2026-06-01T12:13:00
slate-gemm,cpp,perlmutter-gpu-cpu,16,64,32,50000,50000,50000,8,8,9,384,12.73746,19627.147259,2026-06-01T11:58:58
slate-gemm,cpp,perlmutter-gpu-cpu,32,128,32,50000,50000,50000,8,16,9,384,7.851844,31839.656079,2026-06-01T12:14:29
slate-gemm,cpp,perlmutter-gpu-cpu,16,64,32,50000,50000,50000,8,8,3,384,12.711184,19667.718628,2026-06-01T11:55:49
slate-gemm,cpp,perlmutter-gpu-cpu,1,4,32,50000,50000,50000,2,2,4,384,166.107875,1505.046045,2026-06-01T09:30:47
slate-gemm,cpp,perlmutter-gpu-cpu,16,64,32,50000,50000,50000,8,8,1,384,12.80861,19518.120273,2026-06-01T11:54:46
slate-gemm,cpp,perlmutter-gpu-cpu,4,16,32,50000,50000,50000,4,4,3,384,44.456072,5623.528744,2026-06-01T07:57:16
slate-gemm,cpp,perlmutter-gpu-cpu,32,128,32,50000,50000,50000,8,16,7,384,7.689063,32513.712897,2026-06-01T12:13:45
slate-gemm,cpp,perlmutter-gpu-cpu,16,64,32,50000,50000,50000,8,8,6,384,12.802806,19526.969763,2026-06-01T11:57:24
slate-gemm,cpp,perlmutter-gpu-cpu,16,64,32,50000,50000,50000,8,8,5,384,12.853683,19449.678855,2026-06-01T11:56:52
slate-gemm,cpp,perlmutter-gpu-cpu,32,128,32,50000,50000,50000,8,16,2,384,7.93979,31486.9796,2026-06-01T12:11:55
slate-gemm,cpp,perlmutter-gpu-cpu,32,128,32,50000,50000,50000,8,16,8,384,7.808547,32016.199074,2026-06-01T12:14:07
slate-gemm,cpp,perlmutter-gpu-cpu,2,8,32,50000,50000,50000,2,4,2,384,85.83277,2912.640476,2026-06-01T08:17:43
slate-gemm,cpp,perlmutter-gpu-cpu,16,64,32,50000,50000,50000,8,8,4,384,12.876793,19414.771633,2026-06-01T11:56:20
slate-gemm,cpp,perlmutter-gpu-cpu,8,32,32,50000,50000,50000,4,8,1,384,23.773857,10515.7528,2026-06-01T09:33:39
slate-gemm,cpp,perlmutter-gpu-cpu,2,8,32,50000,50000,50000,2,4,7,384,87.173194,2867.85409,2026-06-01T08:32:39
slate-gemm,cpp,perlmutter-gpu-cpu,16,64,32,50000,50000,50000,8,8,7,384,12.877479,19413.738106,2026-06-01T11:57:55
slate-gemm,cpp,perlmutter-gpu-cpu,16,64,32,50000,50000,50000,8,8,2,384,12.712921,19665.032052,2026-06-01T11:55:17
slate-gemm,cpp,perlmutter-gpu-cpu,1,4,32,50000,50000,50000,2,2,6,384,163.870743,1525.592641,2026-06-01T09:41:54
slate-gemm,cpp,perlmutter-gpu-cpu,32,128,32,50000,50000,50000,8,16,1,384,7.83664,31901.427696,2026-06-01T12:11:33
slate-gemm,cpp,perlmutter-gpu-cpu,2,8,32,50000,50000,50000,2,4,5,384,86.52696,2889.272894,2026-06-01T08:26:39
slate-gemm,cpp,perlmutter-gpu-cpu,1,4,32,50000,50000,50000,2,2,7,384,164.412074,1520.569589,2026-06-01T09:47:28
slate-gemm,cpp,perlmutter-gpu-cpu,2,8,32,50000,50000,50000,2,4,1,384,86.18392,2900.773128,2026-06-01T08:14:45
slate-gemm,cpp,perlmutter-gpu-cpu,4,16,32,50000,50000,50000,4,4,8,384,44.693736,5593.625055,2026-06-01T08:02:10
slate-gemm,cpp,perlmutter-gpu-cpu,32,128,32,50000,50000,50000,8,16,10,384,7.72219,32374.235446,2026-06-01T12:14:51
slate-gemm,cpp,perlmutter-gpu-cpu,4,16,32,50000,50000,50000,4,4,5,384,44.513344,5616.29342,2026-06-01T08:00:25
slate-gemm,cpp,perlmutter-gpu-cpu,1,4,32,50000,50000,50000,2,2,10,384,164.315058,1521.467373,2026-06-01T10:04:10
slate-gemm,cpp,perlmutter-gpu-cpu,2,8,32,50000,50000,50000,2,4,8,384,86.120333,2902.914922,2026-06-01T08:35:37
slate-gemm,cpp,perlmutter-gpu-cpu,32,128,32,50000,50000,50000,8,16,3,384,7.797877,32060.009349,2026-06-01T12:12:17
slate-gemm,cpp,perlmutter-gpu-cpu,4,16,32,50000,50000,50000,4,4,9,384,44.377011,5633.547464,2026-06-01T08:03:45
slate-gemm,cpp,perlmutter-gpu-cpu,1,4,32,50000,50000,50000,2,2,5,384,164.570114,1519.109353,2026-06-01T09:36:21
slate-gemm,cpp,perlmutter-gpu-cpu,1,4,32,50000,50000,50000,2,2,9,384,164.111808,1523.351694,2026-06-01T09:58:37
slate-gemm,cpp,perlmutter-gpu-cpu,1,4,32,50000,50000,50000,2,2,3,384,164.613228,1518.711488,2026-06-01T09:25:10
slate-gemm,cpp,perlmutter-gpu-cpu,16,64,32,50000,50000,50000,8,8,10,384,12.893575,19389.502749,2026-06-01T11:59:30
slate-gemm,cpp,perlmutter-gpu-cpu,2,8,32,50000,50000,50000,2,4,9,384,86.735569,2882.323845,2026-06-01T08:38:37
slate-gemm,cpp,perlmutter-gpu-cpu,16,64,32,50000,50000,50000,8,8,8,384,12.786115,19552.459073,2026-06-01T11:58:27
slate-gemm,cpp,perlmutter-gpu-cpu,2,8,32,50000,50000,50000,2,4,3,384,86.119794,2902.933095,2026-06-01T08:20:41
slate-gemm,cpp,perlmutter-gpu-cpu,4,16,32,50000,50000,50000,4,4,1,384,44.849755,5574.166431,2026-06-01T07:54:06
slate-gemm,cpp,perlmutter-gpu-cpu,4,16,32,50000,50000,50000,4,4,2,384,44.209011,5654.955772,2026-06-01T07:55:41
slate-gemm,cpp,perlmutter-gpu-cpu,1,4,32,50000,50000,50000,2,2,8,384,164.93369,1515.760665,2026-06-01T09:53:03
slate-gemm,cpp,perlmutter-gpu-cpu,1,4,32,50000,50000,50000,2,2,2,384,163.218259,1531.691375,2026-06-01T09:19:36
slate-gemm,cpp,perlmutter-gpu-cpu,2,8,32,50000,50000,50000,2,4,4,384,86.035062,2905.792072,2026-06-01T08:23:40
slate-gemm,cpp,perlmutter-gpu-cpu,2,8,32,50000,50000,50000,2,4,6,384,86.247171,2898.645813,2026-06-01T08:29:38
