alg,impl,system,nnode,nproc,nthread,n,r,matmul1p1,matmul1p2,matmul1p3,matmul2p1,matmul2p2,matmul2p3,gen_omega_time,dgemm1_time,dgemm2_time,all2all_time,reduce_scatter_time,reduce_scatter_1_time,reduce_scatter_2_time
nystrom-1d-redist-1d,cpp,perlmutter-gpu-cpu,32,128,32,50000,5000,128,1,1,1,1,128,0.505287,0.741306,0.220274,0.194945,0.0,0.0,0.0
nystrom-1d-noredist-1d,cpp,perlmutter-gpu-cpu,1,4,32,50000,5000,4,1,1,4,1,1,0.487495,17.662022,1.675128,0.0,0.154295,0.0,0.0
nystrom-2d-redist-1d-redundant,cpp,perlmutter-gpu,1,4,32,50000,5000,2,2,1,1,4,1,0.038086,0.063344,0.008292,0.0,0.0,0.052342,0.210658
nystrom-1d-noredist-1d,cpp,perlmutter-gpu,2,8,32,50000,5000,8,1,1,8,1,1,0.06298,0.093403,0.688994,0.0,0.704902,0.0,0.0
nystrom-1d-redist-1d,cpp,perlmutter-gpu-cpu,8,32,32,50000,500,32,1,1,1,1,32,0.049848,0.413237,0.032177,0.165994,0.0,0.0,0.0
nystrom-1d-noredist-1d,cpp,perlmutter-gpu,32,128,32,50000,5000,128,1,1,128,1,1,0.105909,0.054801,0.035278,0.0,1.533174,0.0,0.0
nystrom-1d-noredist-1d,cpp,perlmutter-gpu-cpu,2,8,32,50000,500,8,1,1,8,1,1,0.049743,0.959921,0.02793,0.0,0.097468,0.0,0.0
nystrom-2d-redist-1d-redundant,cpp,perlmutter-gpu,32,128,32,50000,5000,16,8,1,1,128,1,0.103405,0.092237,0.006526,0.0,0.0,0.016821,1.496838
nystrom-2d-redist-1d-redundant,cpp,perlmutter-gpu-cpu,1,4,32,50000,5000,2,2,1,1,4,1,0.47317,16.446355,1.70144,0.0,0.0,0.063408,0.046545
nystrom-1d-noredist-1d,cpp,perlmutter-gpu-cpu,1,4,32,50000,5000,4,1,1,4,1,1,0.473348,17.641948,1.686859,0.0,0.146485,0.0,0.0
nystrom-1d-noredist-1d,cpp,perlmutter-gpu,1,4,32,50000,5000,4,1,1,4,1,1,0.046242,0.07861,1.434533,0.0,0.506032,0.0,0.0
nystrom-1d-redist-1d,cpp,perlmutter-gpu-cpu,2,8,32,50000,500,8,1,1,1,1,8,0.048232,0.961685,0.032284,0.095855,0.0,0.0,0.0
nystrom-1d-redist-1d,cpp,perlmutter-gpu-cpu,1,4,32,50000,5000,4,1,1,1,1,4,0.465585,17.966057,2.394244,0.320297,0.0,0.0,0.0
nystrom-1d-noredist-1d,cpp,perlmutter-gpu,4,16,32,50000,5000,16,1,1,16,1,1,0.08866,0.069949,8.4e-05,0.0,0.760592,0.0,0.0
nystrom-1d-redist-1d,cpp,perlmutter-gpu,4,16,32,50000,5000,16,1,1,1,1,16,0.050473,0.078684,0.000356,0.434816,0.0,0.0,0.0
nystrom-1d-redist-1d,cpp,perlmutter-gpu-cpu,4,16,32,50000,500,16,1,1,1,1,16,0.050041,0.548775,0.032068,0.118837,0.0,0.0,0.0
nystrom-2d-redist-1d-redundant,cpp,perlmutter-gpu,2,8,32,50000,500,4,2,1,1,8,1,0.06449,0.036119,0.002171,0.0,0.0,0.031236,0.009969
nystrom-1d-redist-1d,cpp,perlmutter-gpu,4,16,32,50000,5000,16,1,1,1,1,16,0.06609,0.085037,0.000336,0.463068,0.0,0.0,0.0
nystrom-1d-noredist-1d,cpp,perlmutter-gpu-cpu,1,4,32,50000,5000,4,1,1,4,1,1,0.471976,17.636709,1.705237,0.0,0.117324,0.0,0.0
nystrom-2d-redist-1d-redundant,cpp,perlmutter-gpu-cpu,8,32,32,50000,500,8,4,1,1,32,1,0.048929,0.346211,0.011853,0.0,0.0,0.002855,0.001772
nystrom-1d-redist-1d,cpp,perlmutter-gpu-cpu,4,16,32,50000,5000,16,1,1,1,1,16,0.476527,4.328563,0.451157,0.171985,0.0,0.0,0.0
nystrom-1d-redist-1d,cpp,perlmutter-gpu-cpu,1,4,32,50000,500,4,1,1,1,1,4,0.048864,1.706441,0.042093,0.037521,0.0,0.0,0.0
nystrom-2d-redist-1d-redundant,cpp,perlmutter-gpu,4,16,32,50000,5000,4,4,1,1,16,1,0.077285,0.093073,0.000252,0.0,0.0,0.017074,0.13442
nystrom-1d-redist-1d,cpp,perlmutter-gpu,8,32,32,50000,5000,32,1,1,1,1,32,0.09944,0.089302,0.000367,0.373002,0.0,0.0,0.0
nystrom-1d-redist-1d,cpp,perlmutter-gpu-cpu,4,16,32,50000,5000,16,1,1,1,1,16,0.485979,4.316927,0.44059,0.138628,0.0,0.0,0.0
nystrom-2d-redist-1d-redundant,cpp,perlmutter-gpu-cpu,16,64,32,50000,500,8,8,1,1,64,1,0.050455,0.241019,0.049302,0.0,0.0,0.002167,0.005785
nystrom-1d-noredist-1d,cpp,perlmutter-gpu-cpu,2,8,32,50000,500,8,1,1,8,1,1,0.049267,0.972444,0.027688,0.0,0.099343,0.0,0.0
nystrom-1d-noredist-1d,cpp,perlmutter-gpu,32,128,32,50000,500,128,1,1,128,1,1,0.118201,0.028607,0.000106,0.0,1.273684,0.0,0.0
nystrom-2d-redist-1d-redundant,cpp,perlmutter-gpu-cpu,4,16,32,50000,500,4,4,1,1,16,1,0.048739,0.522345,0.018807,0.0,0.0,0.003217,0.001253
nystrom-1d-redist-1d,cpp,perlmutter-gpu,8,32,32,50000,5000,32,1,1,1,1,32,0.095173,0.089226,0.000336,0.389401,0.0,0.0,0.0
nystrom-2d-redist-1d-redundant,cpp,perlmutter-gpu-cpu,4,16,32,50000,5000,4,4,1,1,16,1,0.474116,4.562121,0.499895,0.0,0.0,0.01999,0.041361
nystrom-2d-redist-1d-redundant,cpp,perlmutter-gpu-cpu,8,32,32,50000,5000,8,4,1,1,32,1,0.481002,2.108166,0.268666,0.0,0.0,0.023122,0.074833
nystrom-1d-redist-1d,cpp,perlmutter-gpu,1,4,32,50000,500,4,1,1,1,1,4,0.030701,0.053653,9.1e-05,0.178197,0.0,0.0,0.0
nystrom-2d-redist-1d-redundant,cpp,perlmutter-gpu-cpu,1,4,32,50000,500,2,2,1,1,4,1,0.048873,1.789721,0.030808,0.0,0.0,0.007809,0.00113
nystrom-1d-noredist-1d,cpp,perlmutter-gpu,8,32,32,50000,500,32,1,1,32,1,1,0.087098,0.031517,8e-05,0.0,0.404301,0.0,0.0
nystrom-1d-redist-1d,cpp,perlmutter-gpu,2,8,32,50000,5000,8,1,1,1,1,8,0.039252,0.080692,0.000349,0.801282,0.0,0.0,0.0
nystrom-1d-noredist-1d,cpp,perlmutter-gpu-cpu,4,16,32,50000,500,16,1,1,16,1,1,0.049051,0.531647,0.120009,0.0,0.151102,0.0,0.0
nystrom-1d-redist-1d,cpp,perlmutter-gpu-cpu,4,16,32,50000,5000,16,1,1,1,1,16,0.471875,4.335039,0.439522,0.174864,0.0,0.0,0.0
nystrom-1d-redist-1d,cpp,perlmutter-gpu,32,128,32,50000,5000,128,1,1,1,1,128,0.089897,0.049397,0.000365,0.261624,0.0,0.0,0.0
nystrom-1d-noredist-1d,cpp,perlmutter-gpu,32,128,32,50000,500,128,1,1,128,1,1,0.089584,0.028786,0.0001,0.0,1.304897,0.0,0.0
nystrom-2d-redist-1d-redundant,cpp,perlmutter-gpu-cpu,4,16,32,50000,500,4,4,1,1,16,1,0.047928,0.566621,0.007716,0.0,0.0,0.003339,0.001359
nystrom-1d-noredist-1d,cpp,perlmutter-gpu-cpu,8,32,32,50000,5000,32,1,1,32,1,1,0.482309,2.278498,0.271909,0.0,0.214012,0.0,0.0
nystrom-2d-redist-1d-redundant,cpp,perlmutter-gpu,8,32,32,50000,500,8,4,1,1,32,1,0.085307,0.04293,7.8e-05,0.0,0.0,0.005683,0.247569
nystrom-1d-redist-1d,cpp,perlmutter-gpu-cpu,16,64,32,50000,5000,64,1,1,1,1,64,0.482462,1.205543,0.219421,0.134481,0.0,0.0,0.0
nystrom-1d-noredist-1d,cpp,perlmutter-gpu,1,4,32,50000,5000,4,1,1,4,1,1,0.039991,0.082856,1.160807,0.0,1.373168,0.0,0.0
nystrom-1d-redist-1d,cpp,perlmutter-gpu-cpu,4,16,32,50000,5000,16,1,1,1,1,16,0.4736,4.36019,0.461379,0.180749,0.0,0.0,0.0
nystrom-1d-noredist-1d,cpp,perlmutter-gpu,1,4,32,50000,5000,4,1,1,4,1,1,0.040947,0.085007,1.458902,0.0,0.43084,0.0,0.0
nystrom-1d-noredist-1d,cpp,perlmutter-gpu,2,8,32,50000,5000,8,1,1,8,1,1,0.046473,0.087023,0.731007,0.0,0.33857,0.0,0.0
nystrom-2d-redist-1d-redundant,cpp,perlmutter-gpu,2,8,32,50000,500,4,2,1,1,8,1,0.073241,0.03856,0.005151,0.0,0.0,0.061137,0.022305
nystrom-2d-redist-1d-redundant,cpp,perlmutter-gpu,16,64,32,50000,5000,8,8,1,1,64,1,0.0848,0.088629,0.007953,0.0,0.0,0.016877,0.759292
nystrom-1d-redist-1d,cpp,perlmutter-gpu,4,16,32,50000,5000,16,1,1,1,1,16,0.091099,0.072082,0.000356,0.423138,0.0,0.0,0.0
nystrom-1d-noredist-1d,cpp,perlmutter-gpu,8,32,32,50000,500,32,1,1,32,1,1,0.049139,0.031888,0.000233,0.0,0.354169,0.0,0.0
nystrom-2d-redist-1d-redundant,cpp,perlmutter-gpu,4,16,32,50000,500,4,4,1,1,16,1,0.096105,0.044313,9.3e-05,0.0,0.0,0.012406,0.171777
nystrom-2d-redist-1d-redundant,cpp,perlmutter-gpu-cpu,8,32,32,50000,500,8,4,1,1,32,1,0.05061,0.365319,0.014182,0.0,0.0,0.002792,0.001759
nystrom-2d-redist-1d-redundant,cpp,perlmutter-gpu-cpu,16,64,32,50000,500,8,8,1,1,64,1,0.049615,0.244043,0.017983,0.0,0.0,0.002311,0.003914
nystrom-2d-redist-1d-redundant,cpp,perlmutter-gpu-cpu,4,16,32,50000,500,4,4,1,1,16,1,0.048369,0.543518,0.007693,0.0,0.0,0.002942,0.001285
nystrom-2d-redist-1d-redundant,cpp,perlmutter-gpu,32,128,32,50000,5000,16,8,1,1,128,1,0.096664,0.104896,0.006565,0.0,0.0,0.016812,1.356091
nystrom-1d-redist-1d,cpp,perlmutter-gpu-cpu,16,64,32,50000,500,64,1,1,1,1,64,0.049874,0.235163,0.023095,0.105788,0.0,0.0,0.0
nystrom-1d-redist-1d,cpp,perlmutter-gpu-cpu,32,128,32,50000,500,128,1,1,1,1,128,0.055741,0.201267,0.032492,0.189455,0.0,0.0,0.0
nystrom-2d-redist-1d-redundant,cpp,perlmutter-gpu,32,128,32,50000,500,16,8,1,1,128,1,0.107302,0.052136,0.00013,0.0,0.0,0.012164,1.288125
nystrom-1d-redist-1d,cpp,perlmutter-gpu-cpu,1,4,32,50000,5000,4,1,1,1,1,4,0.470749,18.040132,2.439354,0.4743,0.0,0.0,0.0
nystrom-1d-redist-1d,cpp,perlmutter-gpu,16,64,32,50000,5000,64,1,1,1,1,64,0.096238,0.061524,0.000358,0.323493,0.0,0.0,0.0
nystrom-2d-redist-1d-redundant,cpp,perlmutter-gpu-cpu,16,64,32,50000,5000,8,8,1,1,64,1,0.480224,1.185941,0.156536,0.0,0.0,0.007577,0.043528
nystrom-1d-noredist-1d,cpp,perlmutter-gpu-cpu,32,128,32,50000,5000,128,1,1,128,1,1,0.486216,0.746081,0.119093,0.0,0.23982,0.0,0.0
nystrom-2d-redist-1d-redundant,cpp,perlmutter-gpu,8,32,32,50000,5000,8,4,1,1,32,1,0.079255,0.084373,0.00027,0.0,0.0,0.016962,0.446066
nystrom-1d-redist-1d,cpp,perlmutter-gpu,4,16,32,50000,500,16,1,1,1,1,16,0.055838,0.043659,0.004464,0.234681,0.0,0.0,0.0
nystrom-1d-redist-1d,cpp,perlmutter-gpu-cpu,8,32,32,50000,5000,32,1,1,1,1,32,0.482774,2.261898,0.251321,0.145842,0.0,0.0,0.0
nystrom-1d-redist-1d,cpp,perlmutter-gpu-cpu,4,16,32,50000,500,16,1,1,1,1,16,0.049714,0.580046,0.042786,0.135162,0.0,0.0,0.0
nystrom-1d-redist-1d,cpp,perlmutter-gpu-cpu,16,64,32,50000,500,64,1,1,1,1,64,0.049714,0.254285,0.026308,0.116215,0.0,0.0,0.0
nystrom-1d-noredist-1d,cpp,perlmutter-gpu,1,4,32,50000,500,4,1,1,4,1,1,0.06187,0.047834,0.146059,0.0,0.04195,0.0,0.0
nystrom-2d-redist-1d-redundant,cpp,perlmutter-gpu,2,8,32,50000,5000,4,2,1,1,8,1,0.037665,0.068028,0.006368,0.0,0.0,0.017352,0.237085
nystrom-1d-redist-1d,cpp,perlmutter-gpu,2,8,32,50000,500,8,1,1,1,1,8,0.076174,0.04736,0.004272,0.169614,0.0,0.0,0.0
nystrom-1d-redist-1d,cpp,perlmutter-gpu,4,16,32,50000,5000,16,1,1,1,1,16,0.082562,0.09344,0.000363,0.439812,0.0,0.0,0.0
nystrom-2d-redist-1d-redundant,cpp,perlmutter-gpu,32,128,32,50000,5000,16,8,1,1,128,1,0.092437,0.113248,0.006575,0.0,0.0,0.017294,1.344102
nystrom-2d-redist-1d-redundant,cpp,perlmutter-gpu-cpu,4,16,32,50000,5000,4,4,1,1,16,1,0.511283,4.558168,0.499679,0.0,0.0,0.0219,0.041566
nystrom-1d-noredist-1d,cpp,perlmutter-gpu-cpu,16,64,32,50000,500,64,1,1,64,1,1,0.04816,0.257679,0.008649,0.0,0.113935,0.0,0.0
nystrom-1d-redist-1d,cpp,perlmutter-gpu-cpu,8,32,32,50000,5000,32,1,1,1,1,32,0.476717,2.275561,0.263964,0.142354,0.0,0.0,0.0
nystrom-1d-noredist-1d,cpp,perlmutter-gpu,8,32,32,50000,5000,32,1,1,32,1,1,0.081083,0.084992,0.147623,0.0,0.575804,0.0,0.0
nystrom-1d-noredist-1d,cpp,perlmutter-gpu,16,64,32,50000,500,64,1,1,64,1,1,0.08578,0.029599,8.6e-05,0.0,0.802243,0.0,0.0
nystrom-2d-redist-1d-redundant,cpp,perlmutter-gpu,32,128,32,50000,500,16,8,1,1,128,1,0.090132,0.050209,8.5e-05,0.0,0.0,0.012142,1.143019
nystrom-1d-redist-1d,cpp,perlmutter-gpu-cpu,1,4,32,50000,5000,4,1,1,1,1,4,0.471715,17.886271,2.389951,0.171863,0.0,0.0,0.0
nystrom-2d-redist-1d-redundant,cpp,perlmutter-gpu-cpu,2,8,32,50000,5000,4,2,1,1,8,1,0.474792,9.07749,0.968984,0.0,0.0,0.035162,0.049515
nystrom-2d-redist-1d-redundant,cpp,perlmutter-gpu,1,4,32,50000,5000,2,2,1,1,4,1,0.027777,0.065824,0.003374,0.0,0.0,0.045107,0.203606
nystrom-1d-noredist-1d,cpp,perlmutter-gpu-cpu,8,32,32,50000,500,32,1,1,32,1,1,0.048349,0.353642,0.013981,0.0,0.110896,0.0,0.0
nystrom-1d-redist-1d,cpp,perlmutter-gpu,8,32,32,50000,500,32,1,1,1,1,32,0.091365,0.034317,0.004378,0.218293,0.0,0.0,0.0
nystrom-1d-noredist-1d,cpp,perlmutter-gpu,8,32,32,50000,5000,32,1,1,32,1,1,0.048733,0.085657,0.157999,0.0,0.474505,0.0,0.0
nystrom-2d-redist-1d-redundant,cpp,perlmutter-gpu-cpu,16,64,32,50000,500,8,8,1,1,64,1,0.049754,0.236769,0.003803,0.0,0.0,0.002255,0.019976
nystrom-2d-redist-1d-redundant,cpp,perlmutter-gpu-cpu,32,128,32,50000,500,16,8,1,1,128,1,0.049676,0.21908,0.038474,0.0,0.0,0.001053,0.018206
nystrom-1d-noredist-1d,cpp,perlmutter-gpu,16,64,32,50000,5000,64,1,1,64,1,1,0.090766,0.067747,0.0001,0.0,0.863517,0.0,0.0
nystrom-1d-redist-1d,cpp,perlmutter-gpu,4,16,32,50000,5000,16,1,1,1,1,16,0.055366,0.079292,0.000373,0.428085,0.0,0.0,0.0
nystrom-1d-noredist-1d,cpp,perlmutter-gpu,32,128,32,50000,5000,128,1,1,128,1,1,0.128661,0.053597,0.03228,0.0,0.975175,0.0,0.0
nystrom-2d-redist-1d-redundant,cpp,perlmutter-gpu-cpu,4,16,32,50000,5000,4,4,1,1,16,1,0.474715,4.589086,0.462231,0.0,0.0,0.02054,0.040781
nystrom-2d-redist-1d-redundant,cpp,perlmutter-gpu,2,8,32,50000,500,4,2,1,1,8,1,0.038817,0.047261,0.005678,0.0,0.0,0.058725,0.092717
nystrom-1d-noredist-1d,cpp,perlmutter-gpu-cpu,2,8,32,50000,5000,8,1,1,8,1,1,0.485275,8.118972,0.863952,0.0,0.262385,0.0,0.0
nystrom-1d-redist-1d,cpp,perlmutter-gpu-cpu,1,4,32,50000,500,4,1,1,1,1,4,0.048683,1.766188,0.041095,0.089656,0.0,0.0,0.0
nystrom-1d-noredist-1d,cpp,perlmutter-gpu,8,32,32,50000,5000,32,1,1,32,1,1,0.084348,0.078674,0.172474,0.0,0.689558,0.0,0.0
nystrom-1d-noredist-1d,cpp,perlmutter-gpu,2,8,32,50000,500,8,1,1,8,1,1,0.03392,0.046004,0.05573,0.0,0.117071,0.0,0.0
nystrom-2d-redist-1d-redundant,cpp,perlmutter-gpu,32,128,32,50000,500,16,8,1,1,128,1,0.096962,0.051806,0.000125,0.0,0.0,0.012149,1.114924
nystrom-1d-noredist-1d,cpp,perlmutter-gpu-cpu,2,8,32,50000,500,8,1,1,8,1,1,0.049337,0.919487,0.029255,0.0,0.063133,0.0,0.0
nystrom-1d-noredist-1d,cpp,perlmutter-gpu,16,64,32,50000,5000,64,1,1,64,1,1,0.09551,0.066718,9e-05,0.0,0.994242,0.0,0.0
nystrom-1d-noredist-1d,cpp,perlmutter-gpu-cpu,16,64,32,50000,500,64,1,1,64,1,1,0.048918,0.336835,0.013418,0.0,0.229834,0.0,0.0
nystrom-2d-redist-1d-redundant,cpp,perlmutter-gpu,16,64,32,50000,5000,8,8,1,1,64,1,0.084757,0.08568,0.007388,0.0,0.0,0.016878,0.767843
nystrom-1d-noredist-1d,cpp,perlmutter-gpu,4,16,32,50000,500,16,1,1,16,1,1,0.043242,0.039521,8.4e-05,0.0,0.221628,0.0,0.0
nystrom-1d-noredist-1d,cpp,perlmutter-gpu,32,128,32,50000,5000,128,1,1,128,1,1,0.098947,0.058537,0.032357,0.0,1.424613,0.0,0.0
nystrom-2d-redist-1d-redundant,cpp,perlmutter-gpu-cpu,32,128,32,50000,5000,16,8,1,1,128,1,0.482859,0.688538,0.141647,0.0,0.0,0.004517,0.068581
nystrom-2d-redist-1d-redundant,cpp,perlmutter-gpu,4,16,32,50000,500,4,4,1,1,16,1,0.065615,0.043246,7.8e-05,0.0,0.0,0.012514,0.164146
nystrom-2d-redist-1d-redundant,cpp,perlmutter-gpu-cpu,32,128,32,50000,5000,16,8,1,1,128,1,0.477874,0.68726,0.14431,0.0,0.0,0.004446,0.06544
nystrom-2d-redist-1d-redundant,cpp,perlmutter-gpu-cpu,8,32,32,50000,500,8,4,1,1,32,1,0.049555,0.381069,0.014553,0.0,0.0,0.00282,0.001877
nystrom-1d-noredist-1d,cpp,perlmutter-gpu,8,32,32,50000,500,32,1,1,32,1,1,0.068346,0.032616,8e-05,0.0,0.299431,0.0,0.0
nystrom-2d-redist-1d-redundant,cpp,perlmutter-gpu-cpu,2,8,32,50000,5000,4,2,1,1,8,1,0.476917,9.035549,0.909213,0.0,0.0,0.0388,0.053924
nystrom-1d-redist-1d,cpp,perlmutter-gpu-cpu,8,32,32,50000,500,32,1,1,1,1,32,0.050329,0.363435,0.059542,0.117801,0.0,0.0,0.0
nystrom-2d-redist-1d-redundant,cpp,perlmutter-gpu-cpu,16,64,32,50000,5000,8,8,1,1,64,1,0.476152,1.155245,0.155075,0.0,0.0,0.007433,0.047261
nystrom-1d-noredist-1d,cpp,perlmutter-gpu,1,4,32,50000,5000,4,1,1,4,1,1,0.024449,0.061461,1.344361,0.0,0.812396,0.0,0.0
nystrom-2d-redist-1d-redundant,cpp,perlmutter-gpu,2,8,32,50000,500,4,2,1,1,8,1,0.05607,0.059067,0.004423,0.0,0.0,0.050747,0.150632
nystrom-1d-noredist-1d,cpp,perlmutter-gpu,1,4,32,50000,5000,4,1,1,4,1,1,0.029901,0.067829,1.457747,0.0,0.470572,0.0,0.0
nystrom-2d-redist-1d-redundant,cpp,perlmutter-gpu,16,64,32,50000,500,8,8,1,1,64,1,0.137495,0.050223,9.4e-05,0.0,0.0,0.016666,0.496668
nystrom-1d-noredist-1d,cpp,perlmutter-gpu,4,16,32,50000,500,16,1,1,16,1,1,0.065198,0.03607,8.8e-05,0.0,0.248714,0.0,0.0
nystrom-2d-redist-1d-redundant,cpp,perlmutter-gpu-cpu,16,64,32,50000,5000,8,8,1,1,64,1,0.474713,1.15304,0.16458,0.0,0.0,0.007693,0.045993
nystrom-2d-redist-1d-redundant,cpp,perlmutter-gpu,32,128,32,50000,500,16,8,1,1,128,1,0.094689,0.047405,0.00013,0.0,0.0,0.011988,1.088809
nystrom-1d-redist-1d,cpp,perlmutter-gpu-cpu,32,128,32,50000,5000,128,1,1,1,1,128,0.488477,0.785122,0.220655,0.21829,0.0,0.0,0.0
nystrom-1d-redist-1d,cpp,perlmutter-gpu,4,16,32,50000,500,16,1,1,1,1,16,0.034513,0.037303,0.004399,0.110443,0.0,0.0,0.0
nystrom-1d-noredist-1d,cpp,perlmutter-gpu,2,8,32,50000,500,8,1,1,8,1,1,0.026264,0.045931,0.051202,0.0,0.074023,0.0,0.0
nystrom-2d-redist-1d-redundant,cpp,perlmutter-gpu,8,32,32,50000,500,8,4,1,1,32,1,0.084522,0.042233,8.9e-05,0.0,0.0,0.007891,0.136107
nystrom-1d-noredist-1d,cpp,perlmutter-gpu,8,32,32,50000,5000,32,1,1,32,1,1,0.08974,0.092292,0.150472,0.0,0.656844,0.0,0.0
nystrom-2d-redist-1d-redundant,cpp,perlmutter-gpu,1,4,32,50000,500,2,2,1,1,4,1,0.089406,0.049041,0.004419,0.0,0.0,0.09444,0.005538
nystrom-1d-noredist-1d,cpp,perlmutter-gpu,2,8,32,50000,500,8,1,1,8,1,1,0.05773,0.048217,0.027504,0.0,0.118324,0.0,0.0
nystrom-1d-noredist-1d,cpp,perlmutter-gpu,16,64,32,50000,500,64,1,1,64,1,1,0.081248,0.031552,0.000117,0.0,0.762602,0.0,0.0
nystrom-1d-redist-1d,cpp,perlmutter-gpu,32,128,32,50000,5000,128,1,1,1,1,128,0.114068,0.059086,0.000369,0.246212,0.0,0.0,0.0
nystrom-1d-noredist-1d,cpp,perlmutter-gpu-cpu,32,128,32,50000,500,128,1,1,128,1,1,0.051077,0.207231,0.009322,0.0,0.148929,0.0,0.0
nystrom-1d-noredist-1d,cpp,perlmutter-gpu,16,64,32,50000,5000,64,1,1,64,1,1,0.103459,0.06979,0.000149,0.0,0.966494,0.0,0.0
nystrom-1d-redist-1d,cpp,perlmutter-gpu,4,16,32,50000,5000,16,1,1,1,1,16,0.070132,0.099937,0.000366,0.484254,0.0,0.0,0.0
nystrom-1d-redist-1d,cpp,perlmutter-gpu-cpu,1,4,32,50000,5000,4,1,1,1,1,4,0.476195,17.845556,2.425708,0.268189,0.0,0.0,0.0
nystrom-1d-redist-1d,cpp,perlmutter-gpu,16,64,32,50000,5000,64,1,1,1,1,64,0.093861,0.071926,0.000354,0.252793,0.0,0.0,0.0
nystrom-2d-redist-1d-redundant,cpp,perlmutter-gpu-cpu,32,128,32,50000,5000,16,8,1,1,128,1,0.480243,0.6635,0.125651,0.0,0.0,0.004519,0.1152
nystrom-1d-noredist-1d,cpp,perlmutter-gpu,32,128,32,50000,500,128,1,1,128,1,1,0.079092,0.028438,0.000119,0.0,1.416226,0.0,0.0
nystrom-2d-redist-1d-redundant,cpp,perlmutter-gpu-cpu,16,64,32,50000,500,8,8,1,1,64,1,0.050328,0.24977,0.00316,0.0,0.0,0.002263,0.008236
nystrom-1d-redist-1d,cpp,perlmutter-gpu-cpu,8,32,32,50000,5000,32,1,1,1,1,32,0.505356,2.255993,0.271281,0.142059,0.0,0.0,0.0
nystrom-1d-noredist-1d,cpp,perlmutter-gpu,1,4,32,50000,500,4,1,1,4,1,1,0.051691,0.06254,0.07605,0.0,0.178117,0.0,0.0
nystrom-2d-redist-1d-redundant,cpp,perlmutter-gpu-cpu,2,8,32,50000,5000,4,2,1,1,8,1,0.474383,9.036536,0.906255,0.0,0.0,0.037065,0.055268
nystrom-1d-noredist-1d,cpp,perlmutter-gpu,2,8,32,50000,500,8,1,1,8,1,1,0.037069,0.047896,0.034836,0.0,0.167133,0.0,0.0
nystrom-1d-noredist-1d,cpp,perlmutter-gpu,4,16,32,50000,5000,16,1,1,16,1,1,0.063241,0.087818,9.1e-05,0.0,0.78701,0.0,0.0
nystrom-1d-redist-1d,cpp,perlmutter-gpu-cpu,8,32,32,50000,500,32,1,1,1,1,32,0.0497,0.437411,0.032814,0.1883,0.0,0.0,0.0
nystrom-2d-redist-1d-redundant,cpp,perlmutter-gpu-cpu,1,4,32,50000,5000,2,2,1,1,4,1,0.471581,16.516621,1.715832,0.0,0.0,0.061813,0.044608
nystrom-1d-noredist-1d,cpp,perlmutter-gpu-cpu,4,16,32,50000,500,16,1,1,16,1,1,0.049941,0.555169,0.021009,0.0,0.123633,0.0,0.0
nystrom-1d-noredist-1d,cpp,perlmutter-gpu-cpu,8,32,32,50000,5000,32,1,1,32,1,1,0.469541,2.362301,0.31573,0.0,0.276925,0.0,0.0
nystrom-1d-noredist-1d,cpp,perlmutter-gpu-cpu,16,64,32,50000,5000,64,1,1,64,1,1,0.491683,1.229791,0.166015,0.0,0.182909,0.0,0.0
nystrom-1d-redist-1d,cpp,perlmutter-gpu,2,8,32,50000,500,8,1,1,1,1,8,0.04981,0.048847,0.004833,0.101114,0.0,0.0,0.0
nystrom-1d-noredist-1d,cpp,perlmutter-gpu,2,8,32,50000,5000,8,1,1,8,1,1,0.073413,0.080717,0.726812,0.0,0.458937,0.0,0.0
nystrom-1d-noredist-1d,cpp,perlmutter-gpu-cpu,32,128,32,50000,500,128,1,1,128,1,1,0.049121,0.186888,0.022539,0.0,0.178995,0.0,0.0
nystrom-1d-redist-1d,cpp,perlmutter-gpu-cpu,2,8,32,50000,5000,8,1,1,1,1,8,0.472967,8.162633,0.926256,0.234251,0.0,0.0,0.0
nystrom-2d-redist-1d-redundant,cpp,perlmutter-gpu,32,128,32,50000,5000,16,8,1,1,128,1,0.11582,0.096124,0.005369,0.0,0.0,0.016761,1.36851
nystrom-1d-redist-1d,cpp,perlmutter-gpu-cpu,16,64,32,50000,500,64,1,1,1,1,64,0.049778,0.257504,0.039918,0.116404,0.0,0.0,0.0
nystrom-1d-noredist-1d,cpp,perlmutter-gpu,32,128,32,50000,5000,128,1,1,128,1,1,0.109959,0.060586,0.027904,0.0,1.71873,0.0,0.0
nystrom-1d-redist-1d,cpp,perlmutter-gpu,2,8,32,50000,500,8,1,1,1,1,8,0.034466,0.041765,0.004417,0.108677,0.0,0.0,0.0
nystrom-1d-noredist-1d,cpp,perlmutter-gpu-cpu,16,64,32,50000,5000,64,1,1,64,1,1,0.484822,1.287112,0.191828,0.0,0.268686,0.0,0.0
nystrom-1d-noredist-1d,cpp,perlmutter-gpu,4,16,32,50000,500,16,1,1,16,1,1,0.042786,0.03828,7.6e-05,0.0,0.18359,0.0,0.0
nystrom-1d-noredist-1d,cpp,perlmutter-gpu-cpu,8,32,32,50000,500,32,1,1,32,1,1,0.048158,0.367754,0.018084,0.0,0.129558,0.0,0.0
nystrom-1d-redist-1d,cpp,perlmutter-gpu-cpu,16,64,32,50000,5000,64,1,1,1,1,64,0.493495,1.271089,0.219787,0.190254,0.0,0.0,0.0
nystrom-1d-redist-1d,cpp,perlmutter-gpu-cpu,8,32,32,50000,500,32,1,1,1,1,32,0.049212,0.354799,0.034942,0.110683,0.0,0.0,0.0
nystrom-2d-redist-1d-redundant,cpp,perlmutter-gpu,16,64,32,50000,500,8,8,1,1,64,1,0.09329,0.047681,0.000139,0.0,0.0,0.010072,0.658921
nystrom-1d-noredist-1d,cpp,perlmutter-gpu-cpu,2,8,32,50000,5000,8,1,1,8,1,1,0.487836,8.121602,0.850981,0.0,0.278904,0.0,0.0
nystrom-2d-redist-1d-redundant,cpp,perlmutter-gpu-cpu,4,16,32,50000,500,4,4,1,1,16,1,0.050929,0.516304,0.007517,0.0,0.0,0.003281,0.001252
nystrom-1d-redist-1d,cpp,perlmutter-gpu-cpu,2,8,32,50000,5000,8,1,1,1,1,8,0.482021,8.176858,0.931391,0.226292,0.0,0.0,0.0
nystrom-1d-noredist-1d,cpp,perlmutter-gpu,2,8,32,50000,5000,8,1,1,8,1,1,0.031609,0.078411,0.722411,0.0,0.358016,0.0,0.0
nystrom-1d-redist-1d,cpp,perlmutter-gpu-cpu,1,4,32,50000,5000,4,1,1,1,1,4,0.471762,18.038248,2.346071,0.385664,0.0,0.0,0.0
nystrom-1d-redist-1d,cpp,perlmutter-gpu,1,4,32,50000,500,4,1,1,1,1,4,0.112014,0.048525,0.000111,0.178229,0.0,0.0,0.0
nystrom-1d-redist-1d,cpp,perlmutter-gpu-cpu,4,16,32,50000,5000,16,1,1,1,1,16,0.481311,4.317447,0.438747,0.158904,0.0,0.0,0.0
nystrom-2d-redist-1d-redundant,cpp,perlmutter-gpu,16,64,32,50000,500,8,8,1,1,64,1,0.079491,0.049315,9.2e-05,0.0,0.0,0.009933,0.361477
nystrom-1d-noredist-1d,cpp,perlmutter-gpu-cpu,1,4,32,50000,500,4,1,1,4,1,1,0.048468,1.804401,0.026638,0.0,0.088901,0.0,0.0
nystrom-1d-noredist-1d,cpp,perlmutter-gpu,4,16,32,50000,5000,16,1,1,16,1,1,0.081867,0.084946,8.1e-05,0.0,0.790089,0.0,0.0
nystrom-1d-redist-1d,cpp,perlmutter-gpu-cpu,8,32,32,50000,5000,32,1,1,1,1,32,0.480408,2.273432,0.255989,0.170963,0.0,0.0,0.0
nystrom-1d-redist-1d,cpp,perlmutter-gpu,16,64,32,50000,500,64,1,1,1,1,64,0.07834,0.029667,0.004839,0.204839,0.0,0.0,0.0
nystrom-2d-redist-1d-redundant,cpp,perlmutter-gpu-cpu,8,32,32,50000,500,8,4,1,1,32,1,0.050346,0.309289,0.012868,0.0,0.0,0.003508,0.001795
nystrom-1d-redist-1d,cpp,perlmutter-gpu-cpu,8,32,32,50000,5000,32,1,1,1,1,32,0.479866,2.238103,0.26961,0.122814,0.0,0.0,0.0
nystrom-1d-noredist-1d,cpp,perlmutter-gpu-cpu,16,64,32,50000,5000,64,1,1,64,1,1,0.48199,1.285006,0.170302,0.0,0.226481,0.0,0.0
nystrom-2d-redist-1d-redundant,cpp,perlmutter-gpu,8,32,32,50000,500,8,4,1,1,32,1,0.084297,0.045912,8.9e-05,0.0,0.0,0.00772,0.238958
nystrom-1d-noredist-1d,cpp,perlmutter-gpu-cpu,2,8,32,50000,500,8,1,1,8,1,1,0.047693,1.022556,0.027535,0.0,0.086967,0.0,0.0
nystrom-1d-noredist-1d,cpp,perlmutter-gpu-cpu,4,16,32,50000,500,16,1,1,16,1,1,0.047974,0.631465,0.021204,0.0,0.159469,0.0,0.0
nystrom-2d-redist-1d-redundant,cpp,perlmutter-gpu,16,64,32,50000,500,8,8,1,1,64,1,0.114322,0.049601,0.000132,0.0,0.0,0.007963,0.493898
nystrom-2d-redist-1d-redundant,cpp,perlmutter-gpu,16,64,32,50000,5000,8,8,1,1,64,1,0.103003,0.094102,0.007344,0.0,0.0,0.016939,0.862924
nystrom-2d-redist-1d-redundant,cpp,perlmutter-gpu-cpu,4,16,32,50000,500,4,4,1,1,16,1,0.050159,0.517843,0.008307,0.0,0.0,0.00447,0.001264
nystrom-1d-redist-1d,cpp,perlmutter-gpu-cpu,8,32,32,50000,5000,32,1,1,1,1,32,0.483493,2.317881,0.26562,0.202867,0.0,0.0,0.0
nystrom-2d-redist-1d-redundant,cpp,perlmutter-gpu,2,8,32,50000,5000,4,2,1,1,8,1,0.04093,0.064839,0.007036,0.0,0.0,0.017551,0.284237
nystrom-2d-redist-1d-redundant,cpp,perlmutter-gpu,2,8,32,50000,500,4,2,1,1,8,1,0.078713,0.050696,0.013776,0.0,0.0,0.084052,0.01072
nystrom-1d-noredist-1d,cpp,perlmutter-gpu-cpu,16,64,32,50000,5000,64,1,1,64,1,1,0.477281,1.259231,0.178546,0.0,0.223784,0.0,0.0
nystrom-2d-redist-1d-redundant,cpp,perlmutter-gpu,16,64,32,50000,500,8,8,1,1,64,1,0.090549,0.048696,8.9e-05,0.0,0.0,0.010093,0.624396
nystrom-1d-redist-1d,cpp,perlmutter-gpu-cpu,16,64,32,50000,500,64,1,1,1,1,64,0.051754,0.321286,0.034974,0.127288,0.0,0.0,0.0
nystrom-1d-noredist-1d,cpp,perlmutter-gpu-cpu,8,32,32,50000,500,32,1,1,32,1,1,0.048389,0.361598,0.014782,0.0,0.113358,0.0,0.0
nystrom-1d-redist-1d,cpp,perlmutter-gpu-cpu,16,64,32,50000,5000,64,1,1,1,1,64,0.490677,1.229909,0.226075,0.123473,0.0,0.0,0.0
nystrom-1d-redist-1d,cpp,perlmutter-gpu-cpu,1,4,32,50000,500,4,1,1,1,1,4,0.047209,1.693961,0.043073,0.056921,0.0,0.0,0.0
nystrom-1d-redist-1d,cpp,perlmutter-gpu,16,64,32,50000,500,64,1,1,1,1,64,0.106941,0.030562,0.004736,0.207404,0.0,0.0,0.0
nystrom-2d-redist-1d-redundant,cpp,perlmutter-gpu-cpu,2,8,32,50000,500,4,2,1,1,8,1,0.049244,0.957638,0.021774,0.0,0.0,0.004506,0.001452
nystrom-1d-noredist-1d,cpp,perlmutter-gpu-cpu,4,16,32,50000,5000,16,1,1,16,1,1,0.489739,4.316285,0.467317,0.0,0.206563,0.0,0.0
nystrom-2d-redist-1d-redundant,cpp,perlmutter-gpu,4,16,32,50000,5000,4,4,1,1,16,1,0.063413,0.065613,0.000237,0.0,0.0,0.017382,0.200339
nystrom-2d-redist-1d-redundant,cpp,perlmutter-gpu,1,4,32,50000,5000,2,2,1,1,4,1,0.030538,0.074315,0.008432,0.0,0.0,0.025057,0.261577
nystrom-2d-redist-1d-redundant,cpp,perlmutter-gpu-cpu,4,16,32,50000,500,4,4,1,1,16,1,0.049641,0.562782,0.030744,0.0,0.0,0.003094,0.001258
nystrom-1d-noredist-1d,cpp,perlmutter-gpu-cpu,1,4,32,50000,500,4,1,1,4,1,1,0.047877,1.745701,0.03339,0.0,0.048744,0.0,0.0
nystrom-1d-redist-1d,cpp,perlmutter-gpu-cpu,1,4,32,50000,5000,4,1,1,1,1,4,0.474527,17.924754,2.352813,0.338579,0.0,0.0,0.0
nystrom-1d-noredist-1d,cpp,perlmutter-gpu-cpu,2,8,32,50000,5000,8,1,1,8,1,1,0.472324,8.183036,0.873092,0.0,0.330508,0.0,0.0
nystrom-2d-redist-1d-redundant,cpp,perlmutter-gpu-cpu,8,32,32,50000,500,8,4,1,1,32,1,0.052122,0.306001,0.014624,0.0,0.0,0.003472,0.00705
nystrom-1d-redist-1d,cpp,perlmutter-gpu,8,32,32,50000,500,32,1,1,1,1,32,0.080504,0.032382,0.004499,0.184955,0.0,0.0,0.0
nystrom-1d-redist-1d,cpp,perlmutter-gpu-cpu,8,32,32,50000,500,32,1,1,1,1,32,0.049027,0.350631,0.027547,0.105866,0.0,0.0,0.0
nystrom-1d-redist-1d,cpp,perlmutter-gpu,8,32,32,50000,5000,32,1,1,1,1,32,0.072859,0.08992,0.00037,0.353265,0.0,0.0,0.0
nystrom-1d-redist-1d,cpp,perlmutter-gpu-cpu,16,64,32,50000,5000,64,1,1,1,1,64,0.499201,1.233977,0.21466,0.151654,0.0,0.0,0.0
nystrom-1d-redist-1d,cpp,perlmutter-gpu-cpu,16,64,32,50000,500,64,1,1,1,1,64,0.050978,0.266345,0.027036,0.132978,0.0,0.0,0.0
nystrom-1d-redist-1d,cpp,perlmutter-gpu,2,8,32,50000,500,8,1,1,1,1,8,0.029209,0.04704,0.0045,0.112644,0.0,0.0,0.0
nystrom-2d-redist-1d-redundant,cpp,perlmutter-gpu-cpu,1,4,32,50000,500,2,2,1,1,4,1,0.048411,1.740481,0.027792,0.0,0.0,0.008055,0.001288
nystrom-1d-redist-1d,cpp,perlmutter-gpu-cpu,16,64,32,50000,5000,64,1,1,1,1,64,0.480772,1.2535,0.2139,0.155367,0.0,0.0,0.0
nystrom-1d-redist-1d,cpp,perlmutter-gpu-cpu,32,128,32,50000,5000,128,1,1,1,1,128,0.479788,0.793534,0.223124,0.226659,0.0,0.0,0.0
nystrom-1d-redist-1d,cpp,perlmutter-gpu,32,128,32,50000,5000,128,1,1,1,1,128,0.097117,0.054119,0.000425,0.251817,0.0,0.0,0.0
nystrom-1d-redist-1d,cpp,perlmutter-gpu,32,128,32,50000,500,128,1,1,1,1,128,0.085131,0.028915,0.004758,0.227891,0.0,0.0,0.0
nystrom-1d-redist-1d,cpp,perlmutter-gpu,8,32,32,50000,5000,32,1,1,1,1,32,0.091727,0.09298,0.000364,0.310936,0.0,0.0,0.0
nystrom-1d-redist-1d,cpp,perlmutter-gpu-cpu,8,32,32,50000,500,32,1,1,1,1,32,0.049111,0.403394,0.037466,0.096628,0.0,0.0,0.0
nystrom-1d-redist-1d,cpp,perlmutter-gpu,1,4,32,50000,500,4,1,1,1,1,4,0.079543,0.0586,0.000112,0.221022,0.0,0.0,0.0
nystrom-2d-redist-1d-redundant,cpp,perlmutter-gpu,4,16,32,50000,5000,4,4,1,1,16,1,0.076239,0.093046,0.000246,0.0,0.0,0.017222,0.273738
nystrom-1d-redist-1d,cpp,perlmutter-gpu-cpu,1,4,32,50000,500,4,1,1,1,1,4,0.04796,1.703576,0.039196,0.060507,0.0,0.0,0.0
nystrom-1d-redist-1d,cpp,perlmutter-gpu-cpu,16,64,32,50000,500,64,1,1,1,1,64,0.050719,0.241934,0.023627,0.100568,0.0,0.0,0.0
nystrom-1d-redist-1d,cpp,perlmutter-gpu,8,32,32,50000,500,32,1,1,1,1,32,0.118303,0.049246,0.030243,0.174296,0.0,0.0,0.0
nystrom-2d-redist-1d-redundant,cpp,perlmutter-gpu-cpu,32,128,32,50000,5000,16,8,1,1,128,1,0.478506,0.716841,0.142332,0.0,0.0,0.005295,0.065286
nystrom-2d-redist-1d-redundant,cpp,perlmutter-gpu,8,32,32,50000,5000,8,4,1,1,32,1,0.108339,0.083374,0.00024,0.0,0.0,0.017122,0.417918
nystrom-1d-redist-1d,cpp,perlmutter-gpu,16,64,32,50000,500,64,1,1,1,1,64,0.105974,0.03229,0.004402,0.189067,0.0,0.0,0.0
nystrom-1d-noredist-1d,cpp,perlmutter-gpu-cpu,4,16,32,50000,5000,16,1,1,16,1,1,0.470863,4.308966,0.480425,0.0,0.168638,0.0,0.0
nystrom-1d-redist-1d,cpp,perlmutter-gpu,1,4,32,50000,500,4,1,1,1,1,4,0.094784,0.051578,8.6e-05,0.172379,0.0,0.0,0.0
nystrom-2d-redist-1d-redundant,cpp,perlmutter-gpu,16,64,32,50000,5000,8,8,1,1,64,1,0.085669,0.080768,0.007115,0.0,0.0,0.016856,0.707432
nystrom-2d-redist-1d-redundant,cpp,perlmutter-gpu-cpu,32,128,32,50000,5000,16,8,1,1,128,1,0.483149,0.717475,0.148501,0.0,0.0,0.004887,0.122927
nystrom-2d-redist-1d-redundant,cpp,perlmutter-gpu-cpu,16,64,32,50000,5000,8,8,1,1,64,1,0.488072,1.148721,0.161244,0.0,0.0,0.00799,0.044426
nystrom-1d-redist-1d,cpp,perlmutter-gpu-cpu,2,8,32,50000,5000,8,1,1,1,1,8,0.473839,8.164172,0.934657,0.223521,0.0,0.0,0.0
nystrom-1d-redist-1d,cpp,perlmutter-gpu,2,8,32,50000,5000,8,1,1,1,1,8,0.035269,0.07843,0.000381,0.797603,0.0,0.0,0.0
nystrom-1d-noredist-1d,cpp,perlmutter-gpu,32,128,32,50000,500,128,1,1,128,1,1,0.087634,0.028311,0.000112,0.0,1.5056,0.0,0.0
nystrom-2d-redist-1d-redundant,cpp,perlmutter-gpu-cpu,16,64,32,50000,500,8,8,1,1,64,1,0.052107,0.23769,0.027846,0.0,0.0,0.002291,0.007731
nystrom-1d-noredist-1d,cpp,perlmutter-gpu-cpu,16,64,32,50000,5000,64,1,1,64,1,1,0.490989,1.240186,0.184152,0.0,0.203111,0.0,0.0
nystrom-1d-noredist-1d,cpp,perlmutter-gpu,1,4,32,50000,500,4,1,1,4,1,1,0.051016,0.050961,0.089036,0.0,0.257702,0.0,0.0
nystrom-1d-noredist-1d,cpp,perlmutter-gpu-cpu,16,64,32,50000,5000,64,1,1,64,1,1,0.484762,1.265196,0.179247,0.0,0.215678,0.0,0.0
nystrom-1d-redist-1d,cpp,perlmutter-gpu-cpu,32,128,32,50000,5000,128,1,1,1,1,128,0.496167,0.766142,0.226513,0.204962,0.0,0.0,0.0
nystrom-1d-redist-1d,cpp,perlmutter-gpu-cpu,4,16,32,50000,5000,16,1,1,1,1,16,0.476581,4.298031,0.442292,0.124338,0.0,0.0,0.0
nystrom-1d-redist-1d,cpp,perlmutter-gpu,32,128,32,50000,5000,128,1,1,1,1,128,0.106658,0.056996,0.000396,0.251095,0.0,0.0,0.0
nystrom-1d-noredist-1d,cpp,perlmutter-gpu-cpu,1,4,32,50000,500,4,1,1,4,1,1,0.047883,1.819508,0.026285,0.0,0.114699,0.0,0.0
nystrom-1d-redist-1d,cpp,perlmutter-gpu-cpu,2,8,32,50000,5000,8,1,1,1,1,8,0.470509,8.155662,0.918704,0.177853,0.0,0.0,0.0
nystrom-1d-redist-1d,cpp,perlmutter-gpu-cpu,2,8,32,50000,500,8,1,1,1,1,8,0.049629,0.983744,0.032126,0.077851,0.0,0.0,0.0
nystrom-1d-redist-1d,cpp,perlmutter-gpu,1,4,32,50000,5000,4,1,1,1,1,4,0.040239,0.057073,0.000302,1.584118,0.0,0.0,0.0
nystrom-2d-redist-1d-redundant,cpp,perlmutter-gpu-cpu,32,128,32,50000,5000,16,8,1,1,128,1,0.487602,0.689734,0.118642,0.0,0.0,0.005455,0.109509
nystrom-1d-redist-1d,cpp,perlmutter-gpu-cpu,16,64,32,50000,5000,64,1,1,1,1,64,0.486803,1.202769,0.21982,0.117571,0.0,0.0,0.0
nystrom-1d-noredist-1d,cpp,perlmutter-gpu-cpu,32,128,32,50000,500,128,1,1,128,1,1,0.052875,0.222522,0.012474,0.0,0.167265,0.0,0.0
nystrom-2d-redist-1d-redundant,cpp,perlmutter-gpu-cpu,32,128,32,50000,500,16,8,1,1,128,1,0.049388,0.194058,0.023902,0.0,0.0,0.001085,0.06768
nystrom-1d-noredist-1d,cpp,perlmutter-gpu,8,32,32,50000,5000,32,1,1,32,1,1,0.084839,0.090626,0.150989,0.0,0.467246,0.0,0.0
nystrom-2d-redist-1d-redundant,cpp,perlmutter-gpu-cpu,2,8,32,50000,5000,4,2,1,1,8,1,0.473809,9.044649,0.900208,0.0,0.0,0.035084,0.051018
nystrom-1d-redist-1d,cpp,perlmutter-gpu-cpu,4,16,32,50000,500,16,1,1,1,1,16,0.050424,0.56223,0.028699,0.117158,0.0,0.0,0.0
nystrom-1d-redist-1d,cpp,perlmutter-gpu-cpu,32,128,32,50000,500,128,1,1,1,1,128,0.050654,0.205268,0.033165,0.193494,0.0,0.0,0.0
nystrom-2d-redist-1d-redundant,cpp,perlmutter-gpu-cpu,32,128,32,50000,500,16,8,1,1,128,1,0.050732,0.194817,0.08726,0.0,0.0,0.003474,0.074888
nystrom-1d-noredist-1d,cpp,perlmutter-gpu-cpu,1,4,32,50000,500,4,1,1,4,1,1,0.050907,1.730877,0.029248,0.0,0.02818,0.0,0.0
nystrom-1d-noredist-1d,cpp,perlmutter-gpu,32,128,32,50000,500,128,1,1,128,1,1,0.121557,0.050482,8.7e-05,0.0,1.257161,0.0,0.0
nystrom-1d-noredist-1d,cpp,perlmutter-gpu,4,16,32,50000,500,16,1,1,16,1,1,0.051819,0.037292,8.7e-05,0.0,0.218128,0.0,0.0
nystrom-1d-noredist-1d,cpp,perlmutter-gpu-cpu,2,8,32,50000,5000,8,1,1,8,1,1,0.474121,8.191988,0.871501,0.0,0.34898,0.0,0.0
nystrom-1d-redist-1d,cpp,perlmutter-gpu,16,64,32,50000,5000,64,1,1,1,1,64,0.082149,0.063341,0.000543,0.228552,0.0,0.0,0.0
nystrom-2d-redist-1d-redundant,cpp,perlmutter-gpu-cpu,16,64,32,50000,5000,8,8,1,1,64,1,0.478231,1.148749,0.215614,0.0,0.0,0.00764,0.04799
nystrom-1d-noredist-1d,cpp,perlmutter-gpu-cpu,2,8,32,50000,500,8,1,1,8,1,1,0.048551,0.93332,0.022644,0.0,0.045257,0.0,0.0
nystrom-1d-noredist-1d,cpp,perlmutter-gpu,2,8,32,50000,500,8,1,1,8,1,1,0.033061,0.040936,0.046346,0.0,0.073178,0.0,0.0
nystrom-1d-noredist-1d,cpp,perlmutter-gpu-cpu,16,64,32,50000,500,64,1,1,64,1,1,0.048443,0.255719,0.005779,0.0,0.112889,0.0,0.0
nystrom-1d-redist-1d,cpp,perlmutter-gpu,1,4,32,50000,5000,4,1,1,1,1,4,0.132148,0.089178,0.000317,1.55495,0.0,0.0,0.0
nystrom-1d-noredist-1d,cpp,perlmutter-gpu-cpu,8,32,32,50000,5000,32,1,1,32,1,1,0.481473,2.268943,0.301455,0.0,0.213579,0.0,0.0
nystrom-1d-noredist-1d,cpp,perlmutter-gpu-cpu,32,128,32,50000,5000,128,1,1,128,1,1,0.484439,0.762126,0.187501,0.0,0.281362,0.0,0.0
nystrom-2d-redist-1d-redundant,cpp,perlmutter-gpu,1,4,32,50000,5000,2,2,1,1,4,1,0.100365,0.088185,0.007249,0.0,0.0,0.02253,0.236699
nystrom-2d-redist-1d-redundant,cpp,perlmutter-gpu-cpu,1,4,32,50000,5000,2,2,1,1,4,1,0.477892,16.436243,1.773504,0.0,0.0,0.060289,0.045296
nystrom-1d-noredist-1d,cpp,perlmutter-gpu,1,4,32,50000,5000,4,1,1,4,1,1,0.063655,0.095574,1.318236,0.0,0.820082,0.0,0.0
nystrom-1d-noredist-1d,cpp,perlmutter-gpu-cpu,4,16,32,50000,500,16,1,1,16,1,1,0.048898,0.566848,0.022779,0.0,0.142509,0.0,0.0
nystrom-1d-noredist-1d,cpp,perlmutter-gpu-cpu,8,32,32,50000,500,32,1,1,32,1,1,0.047511,0.342474,0.012309,0.0,0.097011,0.0,0.0
nystrom-1d-redist-1d,cpp,perlmutter-gpu,1,4,32,50000,500,4,1,1,1,1,4,0.032563,0.053006,8.3e-05,0.179299,0.0,0.0,0.0
nystrom-2d-redist-1d-redundant,cpp,perlmutter-gpu-cpu,32,128,32,50000,5000,16,8,1,1,128,1,0.481486,0.702352,0.128383,0.0,0.0,0.005326,0.098849
nystrom-1d-noredist-1d,cpp,perlmutter-gpu,16,64,32,50000,5000,64,1,1,64,1,1,0.109792,0.067895,9e-05,0.0,0.906999,0.0,0.0
nystrom-1d-redist-1d,cpp,perlmutter-gpu-cpu,32,128,32,50000,5000,128,1,1,1,1,128,0.481679,0.740966,0.225423,0.181397,0.0,0.0,0.0
nystrom-1d-noredist-1d,cpp,perlmutter-gpu-cpu,2,8,32,50000,500,8,1,1,8,1,1,0.051796,0.941343,0.023174,0.0,0.122526,0.0,0.0
nystrom-1d-noredist-1d,cpp,perlmutter-gpu-cpu,1,4,32,50000,500,4,1,1,4,1,1,0.049018,1.769109,0.027538,0.0,0.050453,0.0,0.0
nystrom-1d-noredist-1d,cpp,perlmutter-gpu,4,16,32,50000,5000,16,1,1,16,1,1,0.050388,0.080687,7.9e-05,0.0,0.778389,0.0,0.0
nystrom-1d-redist-1d,cpp,perlmutter-gpu,8,32,32,50000,5000,32,1,1,1,1,32,0.083512,0.094084,0.000353,0.326346,0.0,0.0,0.0
nystrom-1d-noredist-1d,cpp,perlmutter-gpu,4,16,32,50000,5000,16,1,1,16,1,1,0.051179,0.087148,8.6e-05,0.0,0.69374,0.0,0.0
nystrom-1d-noredist-1d,cpp,perlmutter-gpu,32,128,32,50000,5000,128,1,1,128,1,1,0.087068,0.058868,0.032322,0.0,1.230144,0.0,0.0
nystrom-1d-redist-1d,cpp,perlmutter-gpu,4,16,32,50000,500,16,1,1,1,1,16,0.080916,0.034367,0.004597,0.213402,0.0,0.0,0.0
nystrom-1d-redist-1d,cpp,perlmutter-gpu,16,64,32,50000,500,64,1,1,1,1,64,0.085631,0.029242,0.004767,0.180771,0.0,0.0,0.0
nystrom-1d-noredist-1d,cpp,perlmutter-gpu,4,16,32,50000,500,16,1,1,16,1,1,0.061549,0.0386,8e-05,0.0,0.331614,0.0,0.0
nystrom-2d-redist-1d-redundant,cpp,perlmutter-gpu,8,32,32,50000,5000,8,4,1,1,32,1,0.078581,0.072089,0.000269,0.0,0.0,0.016963,0.423086
nystrom-2d-redist-1d-redundant,cpp,perlmutter-gpu-cpu,2,8,32,50000,500,4,2,1,1,8,1,0.049266,0.969988,0.018209,0.0,0.0,0.004674,0.00139
nystrom-2d-redist-1d-redundant,cpp,perlmutter-gpu-cpu,1,4,32,50000,500,2,2,1,1,4,1,0.049588,1.750104,0.032171,0.0,0.0,0.008044,0.001232
nystrom-2d-redist-1d-redundant,cpp,perlmutter-gpu-cpu,1,4,32,50000,5000,2,2,1,1,4,1,0.472594,16.480307,1.685225,0.0,0.0,0.063333,0.045994
nystrom-1d-noredist-1d,cpp,perlmutter-gpu-cpu,1,4,32,50000,5000,4,1,1,4,1,1,0.468814,17.646505,1.69088,0.0,0.199008,0.0,0.0
nystrom-2d-redist-1d-redundant,cpp,perlmutter-gpu,2,8,32,50000,5000,4,2,1,1,8,1,0.059639,0.064249,0.006545,0.0,0.0,0.017485,0.181937
nystrom-1d-redist-1d,cpp,perlmutter-gpu-cpu,16,64,32,50000,5000,64,1,1,1,1,64,0.503227,1.221808,0.23618,0.127571,0.0,0.0,0.0
nystrom-1d-noredist-1d,cpp,perlmutter-gpu,8,32,32,50000,500,32,1,1,32,1,1,0.085435,0.033174,7.5e-05,0.0,0.359802,0.0,0.0
nystrom-2d-redist-1d-redundant,cpp,perlmutter-gpu,8,32,32,50000,5000,8,4,1,1,32,1,0.097748,0.085745,0.000125,0.0,0.0,0.017032,0.337755
nystrom-1d-redist-1d,cpp,perlmutter-gpu,4,16,32,50000,500,16,1,1,1,1,16,0.042536,0.035588,0.004778,0.236026,0.0,0.0,0.0
nystrom-2d-redist-1d-redundant,cpp,perlmutter-gpu-cpu,2,8,32,50000,500,4,2,1,1,8,1,0.04845,0.978362,0.048753,0.0,0.0,0.004483,0.001406
nystrom-1d-redist-1d,cpp,perlmutter-gpu-cpu,8,32,32,50000,5000,32,1,1,1,1,32,0.497017,2.269627,0.255278,0.149927,0.0,0.0,0.0
nystrom-2d-redist-1d-redundant,cpp,perlmutter-gpu-cpu,2,8,32,50000,500,4,2,1,1,8,1,0.048875,0.943139,0.018687,0.0,0.0,0.004693,0.001347
nystrom-2d-redist-1d-redundant,cpp,perlmutter-gpu,2,8,32,50000,5000,4,2,1,1,8,1,0.070966,0.069906,0.009469,0.0,0.0,0.017431,0.165579
nystrom-1d-redist-1d,cpp,perlmutter-gpu-cpu,2,8,32,50000,5000,8,1,1,1,1,8,0.473325,8.186407,0.964687,0.257368,0.0,0.0,0.0
nystrom-1d-redist-1d,cpp,perlmutter-gpu-cpu,32,128,32,50000,5000,128,1,1,1,1,128,0.487617,0.760694,0.223016,0.19611,0.0,0.0,0.0
nystrom-2d-redist-1d-redundant,cpp,perlmutter-gpu,16,64,32,50000,500,8,8,1,1,64,1,0.078699,0.048541,8.8e-05,0.0,0.0,0.008313,0.620936
nystrom-2d-redist-1d-redundant,cpp,perlmutter-gpu,32,128,32,50000,5000,16,8,1,1,128,1,0.11385,0.084676,0.004614,0.0,0.0,0.016828,1.406647
nystrom-1d-noredist-1d,cpp,perlmutter-gpu-cpu,32,128,32,50000,500,128,1,1,128,1,1,0.050313,0.269538,0.014921,0.0,0.288582,0.0,0.0
nystrom-1d-redist-1d,cpp,perlmutter-gpu,32,128,32,50000,500,128,1,1,1,1,128,0.105939,0.028555,0.005322,0.249889,0.0,0.0,0.0
nystrom-1d-noredist-1d,cpp,perlmutter-gpu-cpu,8,32,32,50000,500,32,1,1,32,1,1,0.047899,0.383545,0.011352,0.0,0.139934,0.0,0.0
nystrom-2d-redist-1d-redundant,cpp,perlmutter-gpu-cpu,2,8,32,50000,500,4,2,1,1,8,1,0.048912,0.977369,0.021316,0.0,0.0,0.004823,0.003859
nystrom-1d-redist-1d,cpp,perlmutter-gpu-cpu,16,64,32,50000,5000,64,1,1,1,1,64,0.478528,1.25506,0.217549,0.191572,0.0,0.0,0.0
nystrom-1d-redist-1d,cpp,perlmutter-gpu-cpu,4,16,32,50000,500,16,1,1,1,1,16,0.04761,0.682246,0.028381,0.192635,0.0,0.0,0.0
nystrom-2d-redist-1d-redundant,cpp,perlmutter-gpu-cpu,8,32,32,50000,5000,8,4,1,1,32,1,0.479994,2.109365,0.251921,0.0,0.0,0.011714,0.043501
nystrom-1d-redist-1d,cpp,perlmutter-gpu,8,32,32,50000,500,32,1,1,1,1,32,0.173258,0.033468,0.0049,0.339521,0.0,0.0,0.0
nystrom-1d-noredist-1d,cpp,perlmutter-gpu,4,16,32,50000,500,16,1,1,16,1,1,0.059697,0.035785,7.6e-05,0.0,0.22992,0.0,0.0
nystrom-1d-noredist-1d,cpp,perlmutter-gpu-cpu,16,64,32,50000,5000,64,1,1,64,1,1,0.488815,1.331826,0.189896,0.0,0.272832,0.0,0.0
nystrom-1d-noredist-1d,cpp,perlmutter-gpu,4,16,32,50000,5000,16,1,1,16,1,1,0.074042,0.085034,8.1e-05,0.0,0.758245,0.0,0.0
nystrom-1d-noredist-1d,cpp,perlmutter-gpu-cpu,16,64,32,50000,5000,64,1,1,64,1,1,0.476039,1.257923,0.180286,0.0,0.236373,0.0,0.0
nystrom-1d-redist-1d,cpp,perlmutter-gpu,1,4,32,50000,500,4,1,1,1,1,4,0.129095,0.038986,8.3e-05,0.185659,0.0,0.0,0.0
nystrom-1d-noredist-1d,cpp,perlmutter-gpu,1,4,32,50000,5000,4,1,1,4,1,1,0.039846,0.074339,1.404094,0.0,0.622901,0.0,0.0
nystrom-1d-noredist-1d,cpp,perlmutter-gpu,16,64,32,50000,500,64,1,1,64,1,1,0.067202,0.0303,0.0001,0.0,0.487275,0.0,0.0
nystrom-2d-redist-1d-redundant,cpp,perlmutter-gpu,16,64,32,50000,5000,8,8,1,1,64,1,0.09423,0.084407,0.006538,0.0,0.0,0.016851,0.712773
nystrom-1d-noredist-1d,cpp,perlmutter-gpu-cpu,16,64,32,50000,5000,64,1,1,64,1,1,0.4802,1.219248,0.178215,0.0,0.179729,0.0,0.0
nystrom-1d-noredist-1d,cpp,perlmutter-gpu,8,32,32,50000,5000,32,1,1,32,1,1,0.092905,0.091436,0.143553,0.0,0.445651,0.0,0.0
nystrom-2d-redist-1d-redundant,cpp,perlmutter-gpu-cpu,8,32,32,50000,5000,8,4,1,1,32,1,0.479676,2.145452,0.259268,0.0,0.0,0.022523,0.043909
nystrom-1d-noredist-1d,cpp,perlmutter-gpu,4,16,32,50000,5000,16,1,1,16,1,1,0.060187,0.08072,8.7e-05,0.0,0.682453,0.0,0.0
nystrom-1d-noredist-1d,cpp,perlmutter-gpu,32,128,32,50000,500,128,1,1,128,1,1,0.089405,0.028628,0.000112,0.0,1.244712,0.0,0.0
nystrom-1d-redist-1d,cpp,perlmutter-gpu,2,8,32,50000,500,8,1,1,1,1,8,0.046884,0.04391,0.004554,0.220009,0.0,0.0,0.0
nystrom-1d-redist-1d,cpp,perlmutter-gpu-cpu,32,128,32,50000,500,128,1,1,1,1,128,0.05122,0.196079,0.060633,0.125391,0.0,0.0,0.0
nystrom-1d-noredist-1d,cpp,perlmutter-gpu-cpu,2,8,32,50000,5000,8,1,1,8,1,1,0.471055,8.136003,0.894283,0.0,0.33932,0.0,0.0
nystrom-1d-redist-1d,cpp,perlmutter-gpu,1,4,32,50000,5000,4,1,1,1,1,4,0.047023,0.080713,0.000295,1.583326,0.0,0.0,0.0
nystrom-1d-redist-1d,cpp,perlmutter-gpu-cpu,16,64,32,50000,500,64,1,1,1,1,64,0.050084,0.252316,0.022761,0.106657,0.0,0.0,0.0
nystrom-2d-redist-1d-redundant,cpp,perlmutter-gpu,16,64,32,50000,500,8,8,1,1,64,1,0.088712,0.047956,9.3e-05,0.0,0.0,0.008272,0.647391
nystrom-2d-redist-1d-redundant,cpp,perlmutter-gpu,1,4,32,50000,500,2,2,1,1,4,1,0.087718,0.051967,0.002468,0.0,0.0,0.079935,0.006266
nystrom-2d-redist-1d-redundant,cpp,perlmutter-gpu,32,128,32,50000,500,16,8,1,1,128,1,0.095351,0.049303,0.00013,0.0,0.0,0.012277,0.627304
nystrom-2d-redist-1d-redundant,cpp,perlmutter-gpu-cpu,2,8,32,50000,5000,4,2,1,1,8,1,0.474444,9.022057,0.896467,0.0,0.0,0.036768,0.054861
nystrom-1d-redist-1d,cpp,perlmutter-gpu,8,32,32,50000,500,32,1,1,1,1,32,0.033353,0.033637,0.004813,0.146614,0.0,0.0,0.0
nystrom-1d-redist-1d,cpp,perlmutter-gpu-cpu,2,8,32,50000,5000,8,1,1,1,1,8,0.470949,8.177093,0.950082,0.22577,0.0,0.0,0.0
nystrom-1d-redist-1d,cpp,perlmutter-gpu,32,128,32,50000,5000,128,1,1,1,1,128,0.088992,0.055858,0.000385,0.241557,0.0,0.0,0.0
nystrom-1d-noredist-1d,cpp,perlmutter-gpu-cpu,1,4,32,50000,5000,4,1,1,4,1,1,0.474692,17.663345,1.660157,0.0,0.188199,0.0,0.0
nystrom-1d-noredist-1d,cpp,perlmutter-gpu-cpu,8,32,32,50000,5000,32,1,1,32,1,1,0.487739,2.282898,0.321238,0.0,0.220377,0.0,0.0
nystrom-1d-noredist-1d,cpp,perlmutter-gpu-cpu,32,128,32,50000,5000,128,1,1,128,1,1,0.485667,0.794153,0.149487,0.0,0.294328,0.0,0.0
nystrom-1d-noredist-1d,cpp,perlmutter-gpu,16,64,32,50000,5000,64,1,1,64,1,1,0.0719,0.065593,9.3e-05,0.0,1.093837,0.0,0.0
nystrom-1d-redist-1d,cpp,perlmutter-gpu-cpu,1,4,32,50000,5000,4,1,1,1,1,4,0.469786,17.944264,2.434232,0.243861,0.0,0.0,0.0
nystrom-2d-redist-1d-redundant,cpp,perlmutter-gpu-cpu,1,4,32,50000,500,2,2,1,1,4,1,0.048178,1.826449,0.033844,0.0,0.0,0.008006,0.001213
nystrom-1d-redist-1d,cpp,perlmutter-gpu,2,8,32,50000,5000,8,1,1,1,1,8,0.031082,0.072469,0.000354,0.824641,0.0,0.0,0.0
nystrom-2d-redist-1d-redundant,cpp,perlmutter-gpu-cpu,16,64,32,50000,5000,8,8,1,1,64,1,0.488277,1.148617,0.170068,0.0,0.0,0.007949,0.046527
nystrom-2d-redist-1d-redundant,cpp,perlmutter-gpu,16,64,32,50000,500,8,8,1,1,64,1,0.095739,0.046857,8.7e-05,0.0,0.0,0.007703,0.614961
nystrom-2d-redist-1d-redundant,cpp,perlmutter-gpu,4,16,32,50000,5000,4,4,1,1,16,1,0.045649,0.065117,0.00029,0.0,0.0,0.017322,0.293949
nystrom-1d-redist-1d,cpp,perlmutter-gpu,16,64,32,50000,5000,64,1,1,1,1,64,0.097975,0.065076,0.000376,0.269019,0.0,0.0,0.0
nystrom-2d-redist-1d-redundant,cpp,perlmutter-gpu,4,16,32,50000,5000,4,4,1,1,16,1,0.041292,0.063446,0.00027,0.0,0.0,0.017098,0.210666
nystrom-2d-redist-1d-redundant,cpp,perlmutter-gpu,1,4,32,50000,5000,2,2,1,1,4,1,0.053788,0.07448,0.003562,0.0,0.0,0.025005,0.288423
nystrom-2d-redist-1d-redundant,cpp,perlmutter-gpu-cpu,16,64,32,50000,500,8,8,1,1,64,1,0.049405,0.237513,0.025461,0.0,0.0,0.00233,0.017288
nystrom-1d-redist-1d,cpp,perlmutter-gpu-cpu,1,4,32,50000,500,4,1,1,1,1,4,0.047262,1.692118,0.036678,0.056723,0.0,0.0,0.0
nystrom-2d-redist-1d-redundant,cpp,perlmutter-gpu-cpu,4,16,32,50000,5000,4,4,1,1,16,1,0.479078,4.599173,0.473291,0.0,0.0,0.021304,0.057435
nystrom-1d-redist-1d,cpp,perlmutter-gpu-cpu,32,128,32,50000,500,128,1,1,1,1,128,0.052121,0.207954,0.032627,0.15623,0.0,0.0,0.0
nystrom-1d-redist-1d,cpp,perlmutter-gpu-cpu,8,32,32,50000,500,32,1,1,1,1,32,0.050137,0.37633,0.040223,0.117243,0.0,0.0,0.0
nystrom-1d-noredist-1d,cpp,perlmutter-gpu-cpu,4,16,32,50000,500,16,1,1,16,1,1,0.04898,0.514442,0.026313,0.0,0.070745,0.0,0.0
nystrom-1d-redist-1d,cpp,perlmutter-gpu,32,128,32,50000,500,128,1,1,1,1,128,0.114826,0.051092,0.032596,0.213974,0.0,0.0,0.0
nystrom-2d-redist-1d-redundant,cpp,perlmutter-gpu,32,128,32,50000,5000,16,8,1,1,128,1,0.105624,0.089527,0.006598,0.0,0.0,0.016791,1.375942
nystrom-1d-redist-1d,cpp,perlmutter-gpu,32,128,32,50000,500,128,1,1,1,1,128,0.090997,0.027998,0.004575,0.272768,0.0,0.0,0.0
nystrom-2d-redist-1d-redundant,cpp,perlmutter-gpu,32,128,32,50000,500,16,8,1,1,128,1,0.089004,0.047318,0.000135,0.0,0.0,0.007874,1.127691
nystrom-1d-redist-1d,cpp,perlmutter-gpu,16,64,32,50000,5000,64,1,1,1,1,64,0.04997,0.065261,0.000343,0.204776,0.0,0.0,0.0
nystrom-2d-redist-1d-redundant,cpp,perlmutter-gpu,2,8,32,50000,5000,4,2,1,1,8,1,0.03731,0.070197,0.006416,0.0,0.0,0.017604,0.230108
nystrom-1d-redist-1d,cpp,perlmutter-gpu,4,16,32,50000,500,16,1,1,1,1,16,0.119542,0.049476,0.031789,0.117023,0.0,0.0,0.0
nystrom-1d-noredist-1d,cpp,perlmutter-gpu,16,64,32,50000,500,64,1,1,64,1,1,0.065973,0.029185,0.000128,0.0,0.667425,0.0,0.0
nystrom-1d-noredist-1d,cpp,perlmutter-gpu,2,8,32,50000,5000,8,1,1,8,1,1,0.040328,0.076408,0.730967,0.0,0.451099,0.0,0.0
nystrom-1d-noredist-1d,cpp,perlmutter-gpu,16,64,32,50000,500,64,1,1,64,1,1,0.092,0.031054,0.000126,0.0,0.781789,0.0,0.0
nystrom-2d-redist-1d-redundant,cpp,perlmutter-gpu,16,64,32,50000,500,8,8,1,1,64,1,0.093226,0.054247,0.000127,0.0,0.0,0.01246,0.225709
nystrom-1d-redist-1d,cpp,perlmutter-gpu,2,8,32,50000,5000,8,1,1,1,1,8,0.031896,0.074169,0.00035,0.798864,0.0,0.0,0.0
nystrom-2d-redist-1d-redundant,cpp,perlmutter-gpu,4,16,32,50000,5000,4,4,1,1,16,1,0.061072,0.089348,0.000107,0.0,0.0,0.01717,0.177005
nystrom-1d-noredist-1d,cpp,perlmutter-gpu-cpu,1,4,32,50000,5000,4,1,1,4,1,1,0.468,17.728115,1.748844,0.0,0.18024,0.0,0.0
nystrom-1d-noredist-1d,cpp,perlmutter-gpu-cpu,32,128,32,50000,500,128,1,1,128,1,1,0.052523,0.191306,0.008553,0.0,0.122168,0.0,0.0
nystrom-1d-noredist-1d,cpp,perlmutter-gpu,8,32,32,50000,500,32,1,1,32,1,1,0.066553,0.033037,0.000122,0.0,0.465292,0.0,0.0
nystrom-2d-redist-1d-redundant,cpp,perlmutter-gpu,4,16,32,50000,500,4,4,1,1,16,1,0.08003,0.049547,8.1e-05,0.0,0.0,0.01745,0.151023
nystrom-1d-redist-1d,cpp,perlmutter-gpu,16,64,32,50000,500,64,1,1,1,1,64,0.0777,0.030085,0.004581,0.226905,0.0,0.0,0.0
nystrom-2d-redist-1d-redundant,cpp,perlmutter-gpu-cpu,32,128,32,50000,500,16,8,1,1,128,1,0.050611,0.17858,0.097681,0.0,0.0,0.001053,0.009788
nystrom-1d-noredist-1d,cpp,perlmutter-gpu,2,8,32,50000,500,8,1,1,8,1,1,0.059941,0.052526,0.037573,0.0,0.190029,0.0,0.0
nystrom-1d-redist-1d,cpp,perlmutter-gpu,1,4,32,50000,5000,4,1,1,1,1,4,0.032175,0.079025,0.000312,1.583462,0.0,0.0,0.0
nystrom-2d-redist-1d-redundant,cpp,perlmutter-gpu-cpu,16,64,32,50000,500,8,8,1,1,64,1,0.050565,0.225083,0.022409,0.0,0.0,0.002118,0.006498
nystrom-1d-redist-1d,cpp,perlmutter-gpu,16,64,32,50000,5000,64,1,1,1,1,64,0.101885,0.063016,0.000387,0.259779,0.0,0.0,0.0
nystrom-1d-redist-1d,cpp,perlmutter-gpu-cpu,32,128,32,50000,500,128,1,1,1,1,128,0.052431,0.211342,0.035535,0.147046,0.0,0.0,0.0
nystrom-1d-redist-1d,cpp,perlmutter-gpu,4,16,32,50000,5000,16,1,1,1,1,16,0.058434,0.080534,0.000354,0.459744,0.0,0.0,0.0
nystrom-2d-redist-1d-redundant,cpp,perlmutter-gpu-cpu,32,128,32,50000,500,16,8,1,1,128,1,0.050192,0.205471,0.044247,0.0,0.0,0.001071,0.038774
nystrom-1d-noredist-1d,cpp,perlmutter-gpu-cpu,32,128,32,50000,5000,128,1,1,128,1,1,0.480136,0.74622,0.139968,0.0,0.259556,0.0,0.0
nystrom-1d-noredist-1d,cpp,perlmutter-gpu-cpu,1,4,32,50000,500,4,1,1,4,1,1,0.049241,1.764605,0.032014,0.0,0.062378,0.0,0.0
nystrom-1d-noredist-1d,cpp,perlmutter-gpu-cpu,4,16,32,50000,5000,16,1,1,16,1,1,0.473576,4.352664,0.462212,0.0,0.211181,0.0,0.0
nystrom-2d-redist-1d-redundant,cpp,perlmutter-gpu-cpu,2,8,32,50000,500,4,2,1,1,8,1,0.048539,0.914618,0.025051,0.0,0.0,0.004361,0.00152
nystrom-2d-redist-1d-redundant,cpp,perlmutter-gpu,32,128,32,50000,5000,16,8,1,1,128,1,0.091768,0.096408,0.013234,0.0,0.0,0.017207,1.473646
nystrom-1d-redist-1d,cpp,perlmutter-gpu-cpu,16,64,32,50000,500,64,1,1,1,1,64,0.049823,0.243513,0.032822,0.09748,0.0,0.0,0.0
nystrom-1d-redist-1d,cpp,perlmutter-gpu,4,16,32,50000,500,16,1,1,1,1,16,0.040453,0.036317,0.004615,0.099877,0.0,0.0,0.0
nystrom-1d-noredist-1d,cpp,perlmutter-gpu,2,8,32,50000,5000,8,1,1,8,1,1,0.041499,0.078232,0.703946,0.0,0.361246,0.0,0.0
nystrom-1d-redist-1d,cpp,perlmutter-gpu,32,128,32,50000,5000,128,1,1,1,1,128,0.083642,0.052366,0.000376,0.351914,0.0,0.0,0.0
nystrom-1d-redist-1d,cpp,perlmutter-gpu,16,64,32,50000,5000,64,1,1,1,1,64,0.072075,0.066456,0.000444,0.258627,0.0,0.0,0.0
nystrom-1d-noredist-1d,cpp,perlmutter-gpu-cpu,2,8,32,50000,500,8,1,1,8,1,1,0.04807,0.922777,0.025561,0.0,0.04661,0.0,0.0
nystrom-1d-redist-1d,cpp,perlmutter-gpu,2,8,32,50000,500,8,1,1,1,1,8,0.040771,0.038589,0.004442,0.104308,0.0,0.0,0.0
nystrom-1d-redist-1d,cpp,perlmutter-gpu,4,16,32,50000,500,16,1,1,1,1,16,0.051012,0.036752,0.004306,0.145444,0.0,0.0,0.0
nystrom-1d-redist-1d,cpp,perlmutter-gpu-cpu,1,4,32,50000,500,4,1,1,1,1,4,0.049148,1.679911,0.050828,0.044146,0.0,0.0,0.0
nystrom-1d-redist-1d,cpp,perlmutter-gpu,8,32,32,50000,5000,32,1,1,1,1,32,0.091212,0.072013,0.000361,0.432061,0.0,0.0,0.0
nystrom-1d-redist-1d,cpp,perlmutter-gpu-cpu,1,4,32,50000,5000,4,1,1,1,1,4,0.471128,17.921164,2.403571,0.292075,0.0,0.0,0.0
nystrom-1d-noredist-1d,cpp,perlmutter-gpu,32,128,32,50000,5000,128,1,1,128,1,1,0.089107,0.0592,0.032103,0.0,1.660882,0.0,0.0
nystrom-2d-redist-1d-redundant,cpp,perlmutter-gpu,4,16,32,50000,500,4,4,1,1,16,1,0.038932,0.050869,8.5e-05,0.0,0.0,0.012864,0.159971
nystrom-2d-redist-1d-redundant,cpp,perlmutter-gpu-cpu,16,64,32,50000,5000,8,8,1,1,64,1,0.480666,1.175682,0.1669,0.0,0.0,0.007943,0.058735
nystrom-1d-redist-1d,cpp,perlmutter-gpu,32,128,32,50000,500,128,1,1,1,1,128,0.083699,0.029389,0.004505,0.220598,0.0,0.0,0.0
nystrom-1d-redist-1d,cpp,perlmutter-gpu-cpu,4,16,32,50000,500,16,1,1,1,1,16,0.050616,0.55577,0.030752,0.113533,0.0,0.0,0.0
nystrom-1d-redist-1d,cpp,perlmutter-gpu,1,4,32,50000,5000,4,1,1,1,1,4,0.063338,0.089257,0.000307,1.593382,0.0,0.0,0.0
nystrom-1d-redist-1d,cpp,perlmutter-gpu,2,8,32,50000,5000,8,1,1,1,1,8,0.042396,0.076313,0.000352,0.868145,0.0,0.0,0.0
nystrom-2d-redist-1d-redundant,cpp,perlmutter-gpu-cpu,16,64,32,50000,5000,8,8,1,1,64,1,0.479276,1.138605,0.141312,0.0,0.0,0.007961,0.04743
nystrom-1d-noredist-1d,cpp,perlmutter-gpu,8,32,32,50000,500,32,1,1,32,1,1,0.112454,0.050197,8.5e-05,0.0,0.391681,0.0,0.0
nystrom-1d-noredist-1d,cpp,perlmutter-gpu,32,128,32,50000,5000,128,1,1,128,1,1,0.091975,0.059513,0.029355,0.0,1.569931,0.0,0.0
nystrom-2d-redist-1d-redundant,cpp,perlmutter-gpu-cpu,8,32,32,50000,5000,8,4,1,1,32,1,0.491702,2.205994,0.272618,0.0,0.0,0.01127,0.04315
nystrom-1d-noredist-1d,cpp,perlmutter-gpu,2,8,32,50000,500,8,1,1,8,1,1,0.036495,0.037481,0.037389,0.0,0.087199,0.0,0.0
nystrom-1d-redist-1d,cpp,perlmutter-gpu,16,64,32,50000,500,64,1,1,1,1,64,0.089627,0.030862,0.004802,0.188181,0.0,0.0,0.0
nystrom-1d-redist-1d,cpp,perlmutter-gpu-cpu,2,8,32,50000,5000,8,1,1,1,1,8,0.473764,8.15271,0.91856,0.196113,0.0,0.0,0.0
nystrom-1d-noredist-1d,cpp,perlmutter-gpu,8,32,32,50000,5000,32,1,1,32,1,1,0.086145,0.082918,0.159653,0.0,0.687098,0.0,0.0
nystrom-1d-redist-1d,cpp,perlmutter-gpu,1,4,32,50000,5000,4,1,1,1,1,4,0.165048,0.070006,0.000319,1.573541,0.0,0.0,0.0
nystrom-2d-redist-1d-redundant,cpp,perlmutter-gpu,16,64,32,50000,5000,8,8,1,1,64,1,0.103265,0.092975,0.006543,0.0,0.0,0.016792,0.58479
nystrom-2d-redist-1d-redundant,cpp,perlmutter-gpu,4,16,32,50000,500,4,4,1,1,16,1,0.069485,0.053292,8.4e-05,0.0,0.0,0.012458,0.13038
nystrom-1d-redist-1d,cpp,perlmutter-gpu,32,128,32,50000,500,128,1,1,1,1,128,0.094182,0.028257,0.004665,0.255704,0.0,0.0,0.0
nystrom-2d-redist-1d-redundant,cpp,perlmutter-gpu,16,64,32,50000,5000,8,8,1,1,64,1,0.070682,0.098379,0.006527,0.0,0.0,0.016869,0.751191
nystrom-1d-noredist-1d,cpp,perlmutter-gpu,1,4,32,50000,500,4,1,1,4,1,1,0.033209,0.060793,0.093596,0.0,0.149277,0.0,0.0
nystrom-1d-noredist-1d,cpp,perlmutter-gpu-cpu,1,4,32,50000,500,4,1,1,4,1,1,0.048496,1.854132,0.029166,0.0,0.087189,0.0,0.0
nystrom-2d-redist-1d-redundant,cpp,perlmutter-gpu-cpu,4,16,32,50000,5000,4,4,1,1,16,1,0.475282,4.538996,0.458654,0.0,0.0,0.022079,0.040885
nystrom-1d-redist-1d,cpp,perlmutter-gpu-cpu,8,32,32,50000,5000,32,1,1,1,1,32,0.491715,2.260749,0.252389,0.135706,0.0,0.0,0.0
nystrom-1d-redist-1d,cpp,perlmutter-gpu,1,4,32,50000,5000,4,1,1,1,1,4,0.069156,0.108315,0.000297,1.583165,0.0,0.0,0.0
nystrom-1d-redist-1d,cpp,perlmutter-gpu-cpu,1,4,32,50000,500,4,1,1,1,1,4,0.047819,1.751423,0.052622,0.043971,0.0,0.0,0.0
nystrom-1d-redist-1d,cpp,perlmutter-gpu-cpu,1,4,32,50000,500,4,1,1,1,1,4,0.047967,1.711784,0.046146,0.043312,0.0,0.0,0.0
nystrom-1d-noredist-1d,cpp,perlmutter-gpu-cpu,2,8,32,50000,5000,8,1,1,8,1,1,0.475781,8.13705,0.869018,0.0,0.256963,0.0,0.0
nystrom-2d-redist-1d-redundant,cpp,perlmutter-gpu,1,4,32,50000,5000,2,2,1,1,4,1,0.053461,0.070235,0.003587,0.0,0.0,0.018545,0.281292
nystrom-1d-noredist-1d,cpp,perlmutter-gpu-cpu,4,16,32,50000,5000,16,1,1,16,1,1,0.476057,4.35905,0.447186,0.0,0.227954,0.0,0.0
nystrom-1d-noredist-1d,cpp,perlmutter-gpu,4,16,32,50000,500,16,1,1,16,1,1,0.060355,0.037907,7.5e-05,0.0,0.243691,0.0,0.0
nystrom-1d-redist-1d,cpp,perlmutter-gpu,8,32,32,50000,5000,32,1,1,1,1,32,0.103921,0.091373,0.00035,0.341662,0.0,0.0,0.0
nystrom-1d-redist-1d,cpp,perlmutter-gpu,16,64,32,50000,500,64,1,1,1,1,64,0.058453,0.030197,0.004463,0.131586,0.0,0.0,0.0
nystrom-1d-redist-1d,cpp,perlmutter-gpu,8,32,32,50000,5000,32,1,1,1,1,32,0.064561,0.091693,0.000405,0.37509,0.0,0.0,0.0
nystrom-1d-redist-1d,cpp,perlmutter-gpu-cpu,8,32,32,50000,5000,32,1,1,1,1,32,0.483094,2.253256,0.241407,0.145987,0.0,0.0,0.0
nystrom-2d-redist-1d-redundant,cpp,perlmutter-gpu,1,4,32,50000,500,2,2,1,1,4,1,0.068585,0.058941,0.00443,0.0,0.0,0.092535,0.005623
nystrom-2d-redist-1d-redundant,cpp,perlmutter-gpu,8,32,32,50000,500,8,4,1,1,32,1,0.071792,0.040721,9e-05,0.0,0.0,0.007652,0.223015
nystrom-1d-noredist-1d,cpp,perlmutter-gpu-cpu,1,4,32,50000,5000,4,1,1,4,1,1,0.473475,17.647423,1.680549,0.0,0.123367,0.0,0.0
nystrom-1d-redist-1d,cpp,perlmutter-gpu-cpu,16,64,32,50000,500,64,1,1,1,1,64,0.049117,0.243309,0.025309,0.115774,0.0,0.0,0.0
nystrom-2d-redist-1d-redundant,cpp,perlmutter-gpu-cpu,8,32,32,50000,5000,8,4,1,1,32,1,0.475372,2.130294,0.274727,0.0,0.0,0.020853,0.044694
nystrom-2d-redist-1d-redundant,cpp,perlmutter-gpu-cpu,4,16,32,50000,500,4,4,1,1,16,1,0.048661,0.535493,0.008351,0.0,0.0,0.003213,0.001323
nystrom-1d-redist-1d,cpp,perlmutter-gpu-cpu,4,16,32,50000,500,16,1,1,1,1,16,0.049887,0.5494,0.029854,0.094009,0.0,0.0,0.0
nystrom-2d-redist-1d-redundant,cpp,perlmutter-gpu,4,16,32,50000,500,4,4,1,1,16,1,0.075568,0.046439,7.8e-05,0.0,0.0,0.01046,0.130978
nystrom-2d-redist-1d-redundant,cpp,perlmutter-gpu,8,32,32,50000,5000,8,4,1,1,32,1,0.0972,0.07891,0.000244,0.0,0.0,0.016964,0.379723
nystrom-1d-redist-1d,cpp,perlmutter-gpu-cpu,4,16,32,50000,5000,16,1,1,1,1,16,0.472994,4.332884,0.435592,0.181661,0.0,0.0,0.0
nystrom-1d-redist-1d,cpp,perlmutter-gpu,8,32,32,50000,500,32,1,1,1,1,32,0.119574,0.031305,0.004393,0.208335,0.0,0.0,0.0
nystrom-1d-redist-1d,cpp,perlmutter-gpu,2,8,32,50000,500,8,1,1,1,1,8,0.041011,0.034009,0.004719,0.160907,0.0,0.0,0.0
nystrom-2d-redist-1d-redundant,cpp,perlmutter-gpu-cpu,8,32,32,50000,500,8,4,1,1,32,1,0.049295,0.373322,0.012319,0.0,0.0,0.002729,0.001776
nystrom-1d-noredist-1d,cpp,perlmutter-gpu-cpu,8,32,32,50000,500,32,1,1,32,1,1,0.048382,0.437928,0.039998,0.0,0.12324,0.0,0.0
nystrom-1d-redist-1d,cpp,perlmutter-gpu-cpu,2,8,32,50000,500,8,1,1,1,1,8,0.048231,0.922433,0.031591,0.049265,0.0,0.0,0.0
nystrom-1d-noredist-1d,cpp,perlmutter-gpu-cpu,1,4,32,50000,500,4,1,1,4,1,1,0.04944,1.815013,0.032639,0.0,0.095382,0.0,0.0
nystrom-1d-redist-1d,cpp,perlmutter-gpu-cpu,16,64,32,50000,5000,64,1,1,1,1,64,0.488058,1.228289,0.216362,0.146691,0.0,0.0,0.0
nystrom-2d-redist-1d-redundant,cpp,perlmutter-gpu,2,8,32,50000,5000,4,2,1,1,8,1,0.045737,0.068504,0.007269,0.0,0.0,0.017675,0.23769
nystrom-2d-redist-1d-redundant,cpp,perlmutter-gpu-cpu,8,32,32,50000,5000,8,4,1,1,32,1,0.484123,2.166671,0.246188,0.0,0.0,0.012661,0.044094
nystrom-2d-redist-1d-redundant,cpp,perlmutter-gpu,8,32,32,50000,500,8,4,1,1,32,1,0.108385,0.04952,8.1e-05,0.0,0.0,0.010276,0.175679
nystrom-1d-redist-1d,cpp,perlmutter-gpu-cpu,2,8,32,50000,5000,8,1,1,1,1,8,0.470353,8.151978,0.930948,0.216766,0.0,0.0,0.0
nystrom-1d-redist-1d,cpp,perlmutter-gpu,2,8,32,50000,500,8,1,1,1,1,8,0.107212,0.049326,0.004534,0.281185,0.0,0.0,0.0
nystrom-1d-noredist-1d,cpp,perlmutter-gpu-cpu,4,16,32,50000,500,16,1,1,16,1,1,0.049789,0.571168,0.020959,0.0,0.147077,0.0,0.0
nystrom-1d-redist-1d,cpp,perlmutter-gpu,4,16,32,50000,5000,16,1,1,1,1,16,0.085166,0.101936,0.000354,0.507466,0.0,0.0,0.0
nystrom-1d-redist-1d,cpp,perlmutter-gpu,32,128,32,50000,500,128,1,1,1,1,128,0.080899,0.029794,0.004545,0.234696,0.0,0.0,0.0
nystrom-1d-redist-1d,cpp,perlmutter-gpu-cpu,32,128,32,50000,500,128,1,1,1,1,128,0.0525,0.252381,0.045818,0.184882,0.0,0.0,0.0
nystrom-2d-redist-1d-redundant,cpp,perlmutter-gpu,8,32,32,50000,500,8,4,1,1,32,1,0.06899,0.043413,8.4e-05,0.0,0.0,0.007792,0.140992
nystrom-2d-redist-1d-redundant,cpp,perlmutter-gpu-cpu,2,8,32,50000,5000,4,2,1,1,8,1,0.485841,9.012063,0.902229,0.0,0.0,0.039497,0.057275
nystrom-2d-redist-1d-redundant,cpp,perlmutter-gpu-cpu,4,16,32,50000,500,4,4,1,1,16,1,0.048743,0.578125,0.015496,0.0,0.0,0.003226,0.001266
nystrom-1d-redist-1d,cpp,perlmutter-gpu,2,8,32,50000,5000,8,1,1,1,1,8,0.064892,0.074411,0.000374,0.835914,0.0,0.0,0.0
nystrom-1d-noredist-1d,cpp,perlmutter-gpu,4,16,32,50000,500,16,1,1,16,1,1,0.04542,0.043385,8e-05,0.0,0.158827,0.0,0.0
nystrom-1d-redist-1d,cpp,perlmutter-gpu-cpu,32,128,32,50000,500,128,1,1,1,1,128,0.049196,0.279077,0.048587,0.153287,0.0,0.0,0.0
nystrom-2d-redist-1d-redundant,cpp,perlmutter-gpu-cpu,2,8,32,50000,500,4,2,1,1,8,1,0.048298,0.956267,0.021704,0.0,0.0,0.004278,0.001351
nystrom-1d-redist-1d,cpp,perlmutter-gpu,16,64,32,50000,5000,64,1,1,1,1,64,0.089837,0.064716,0.000351,0.29459,0.0,0.0,0.0
nystrom-2d-redist-1d-redundant,cpp,perlmutter-gpu,32,128,32,50000,5000,16,8,1,1,128,1,0.080742,0.085079,0.007937,0.0,0.0,0.016821,1.409451
nystrom-2d-redist-1d-redundant,cpp,perlmutter-gpu-cpu,32,128,32,50000,500,16,8,1,1,128,1,0.050916,0.1973,0.020908,0.0,0.0,0.00107,0.012628
nystrom-1d-noredist-1d,cpp,perlmutter-gpu-cpu,2,8,32,50000,500,8,1,1,8,1,1,0.050133,0.96722,0.029215,0.0,0.064056,0.0,0.0
nystrom-1d-noredist-1d,cpp,perlmutter-gpu,16,64,32,50000,500,64,1,1,64,1,1,0.097297,0.04986,9.2e-05,0.0,0.672442,0.0,0.0
nystrom-1d-noredist-1d,cpp,perlmutter-gpu,8,32,32,50000,5000,32,1,1,32,1,1,0.131609,0.096466,0.161964,0.0,0.643359,0.0,0.0
nystrom-1d-noredist-1d,cpp,perlmutter-gpu-cpu,2,8,32,50000,5000,8,1,1,8,1,1,0.470222,8.146183,0.864352,0.0,0.350563,0.0,0.0
nystrom-1d-redist-1d,cpp,perlmutter-gpu-cpu,4,16,32,50000,500,16,1,1,1,1,16,0.052074,0.545895,0.029014,0.098047,0.0,0.0,0.0
nystrom-2d-redist-1d-redundant,cpp,perlmutter-gpu,4,16,32,50000,5000,4,4,1,1,16,1,0.061221,0.092097,0.000254,0.0,0.0,0.017221,0.132014
nystrom-1d-noredist-1d,cpp,perlmutter-gpu,32,128,32,50000,5000,128,1,1,128,1,1,0.129443,0.05322,0.034348,0.0,1.553427,0.0,0.0
nystrom-1d-redist-1d,cpp,perlmutter-gpu,4,16,32,50000,500,16,1,1,1,1,16,0.07055,0.034558,0.004457,0.191749,0.0,0.0,0.0
nystrom-1d-redist-1d,cpp,perlmutter-gpu,4,16,32,50000,500,16,1,1,1,1,16,0.058228,0.040086,0.004426,0.196206,0.0,0.0,0.0
nystrom-1d-redist-1d,cpp,perlmutter-gpu,2,8,32,50000,500,8,1,1,1,1,8,0.027442,0.045437,0.004282,0.127422,0.0,0.0,0.0
nystrom-1d-noredist-1d,cpp,perlmutter-gpu,16,64,32,50000,5000,64,1,1,64,1,1,0.103593,0.073507,0.000144,0.0,0.870549,0.0,0.0
nystrom-1d-noredist-1d,cpp,perlmutter-gpu,1,4,32,50000,500,4,1,1,4,1,1,0.032828,0.08633,0.097021,0.0,0.135161,0.0,0.0
nystrom-2d-redist-1d-redundant,cpp,perlmutter-gpu,2,8,32,50000,5000,4,2,1,1,8,1,0.039193,0.082956,0.006481,0.0,0.0,0.017496,0.191613
nystrom-2d-redist-1d-redundant,cpp,perlmutter-gpu,8,32,32,50000,500,8,4,1,1,32,1,0.06798,0.042254,7.9e-05,0.0,0.0,0.00766,0.200947
nystrom-1d-noredist-1d,cpp,perlmutter-gpu,2,8,32,50000,500,8,1,1,8,1,1,0.03666,0.045351,0.03601,0.0,0.210626,0.0,0.0
nystrom-2d-redist-1d-redundant,cpp,perlmutter-gpu-cpu,1,4,32,50000,5000,2,2,1,1,4,1,0.473299,16.464595,1.740344,0.0,0.0,0.066231,0.044576
nystrom-1d-redist-1d,cpp,perlmutter-gpu,4,16,32,50000,500,16,1,1,1,1,16,0.092209,0.038769,0.004453,0.205084,0.0,0.0,0.0
nystrom-2d-redist-1d-redundant,cpp,perlmutter-gpu-cpu,16,64,32,50000,500,8,8,1,1,64,1,0.049438,0.292078,0.015828,0.0,0.0,0.002032,0.022725
nystrom-2d-redist-1d-redundant,cpp,perlmutter-gpu-cpu,1,4,32,50000,500,2,2,1,1,4,1,0.048525,1.73938,0.03992,0.0,0.0,0.007913,0.001366
nystrom-1d-noredist-1d,cpp,perlmutter-gpu-cpu,4,16,32,50000,5000,16,1,1,16,1,1,0.48802,4.299972,0.458227,0.0,0.178582,0.0,0.0
nystrom-1d-redist-1d,cpp,perlmutter-gpu,2,8,32,50000,5000,8,1,1,1,1,8,0.052579,0.084978,0.000379,0.823401,0.0,0.0,0.0
nystrom-1d-redist-1d,cpp,perlmutter-gpu-cpu,16,64,32,50000,500,64,1,1,1,1,64,0.04994,0.27185,0.04073,0.126752,0.0,0.0,0.0
nystrom-1d-redist-1d,cpp,perlmutter-gpu-cpu,32,128,32,50000,5000,128,1,1,1,1,128,0.476877,0.73176,0.220773,0.171615,0.0,0.0,0.0
nystrom-1d-redist-1d,cpp,perlmutter-gpu-cpu,2,8,32,50000,500,8,1,1,1,1,8,0.049845,0.936703,0.034288,0.075764,0.0,0.0,0.0
nystrom-2d-redist-1d-redundant,cpp,perlmutter-gpu-cpu,1,4,32,50000,500,2,2,1,1,4,1,0.049346,1.747078,0.033766,0.0,0.0,0.007881,0.00127
nystrom-2d-redist-1d-redundant,cpp,perlmutter-gpu-cpu,4,16,32,50000,500,4,4,1,1,16,1,0.048863,0.579062,0.033616,0.0,0.0,0.003565,0.001266
nystrom-1d-noredist-1d,cpp,perlmutter-gpu-cpu,32,128,32,50000,500,128,1,1,128,1,1,0.051379,0.198208,0.009404,0.0,0.135055,0.0,0.0
nystrom-2d-redist-1d-redundant,cpp,perlmutter-gpu-cpu,2,8,32,50000,5000,4,2,1,1,8,1,0.478511,9.028541,0.903275,0.0,0.0,0.035513,0.0509
nystrom-1d-redist-1d,cpp,perlmutter-gpu-cpu,4,16,32,50000,5000,16,1,1,1,1,16,0.474872,4.35324,0.443375,0.164864,0.0,0.0,0.0
nystrom-1d-redist-1d,cpp,perlmutter-gpu-cpu,2,8,32,50000,500,8,1,1,1,1,8,0.04822,0.94244,0.033477,0.07413,0.0,0.0,0.0
nystrom-2d-redist-1d-redundant,cpp,perlmutter-gpu-cpu,1,4,32,50000,5000,2,2,1,1,4,1,0.476515,16.571492,1.695288,0.0,0.0,0.065415,0.044993
nystrom-1d-redist-1d,cpp,perlmutter-gpu,2,8,32,50000,5000,8,1,1,1,1,8,0.028904,0.067057,0.000373,0.836818,0.0,0.0,0.0
nystrom-1d-noredist-1d,cpp,perlmutter-gpu,1,4,32,50000,5000,4,1,1,4,1,1,0.033358,0.085029,1.461829,0.0,0.393766,0.0,0.0
nystrom-1d-noredist-1d,cpp,perlmutter-gpu-cpu,8,32,32,50000,500,32,1,1,32,1,1,0.048358,0.360519,0.025319,0.0,0.111453,0.0,0.0
nystrom-1d-noredist-1d,cpp,perlmutter-gpu-cpu,32,128,32,50000,500,128,1,1,128,1,1,0.049453,0.200801,0.016772,0.0,0.134404,0.0,0.0
nystrom-1d-noredist-1d,cpp,perlmutter-gpu-cpu,32,128,32,50000,5000,128,1,1,128,1,1,0.486765,0.785964,0.105628,0.0,0.260683,0.0,0.0
nystrom-2d-redist-1d-redundant,cpp,perlmutter-gpu,16,64,32,50000,500,8,8,1,1,64,1,0.08882,0.0551,8.7e-05,0.0,0.0,0.0122,0.693726
nystrom-2d-redist-1d-redundant,cpp,perlmutter-gpu-cpu,1,4,32,50000,5000,2,2,1,1,4,1,0.472644,16.409736,1.707913,0.0,0.0,0.061176,0.045316
nystrom-2d-redist-1d-redundant,cpp,perlmutter-gpu-cpu,8,32,32,50000,5000,8,4,1,1,32,1,0.477399,2.10776,0.260662,0.0,0.0,0.01244,0.043399
nystrom-2d-redist-1d-redundant,cpp,perlmutter-gpu,2,8,32,50000,500,4,2,1,1,8,1,0.032976,0.04875,0.004472,0.0,0.0,0.064094,0.009653
nystrom-2d-redist-1d-redundant,cpp,perlmutter-gpu,1,4,32,50000,5000,2,2,1,1,4,1,0.030526,0.061415,0.006289,0.0,0.0,0.025378,0.240372
nystrom-2d-redist-1d-redundant,cpp,perlmutter-gpu,16,64,32,50000,5000,8,8,1,1,64,1,0.124684,0.084303,0.015613,0.0,0.0,0.016991,0.92107
nystrom-1d-noredist-1d,cpp,perlmutter-gpu-cpu,1,4,32,50000,5000,4,1,1,4,1,1,0.47545,17.662984,1.696038,0.0,0.146747,0.0,0.0
nystrom-1d-redist-1d,cpp,perlmutter-gpu-cpu,8,32,32,50000,5000,32,1,1,1,1,32,0.483767,2.223244,0.266771,0.143682,0.0,0.0,0.0
nystrom-2d-redist-1d-redundant,cpp,perlmutter-gpu-cpu,1,4,32,50000,5000,2,2,1,1,4,1,0.473903,16.42226,1.697809,0.0,0.0,0.063307,0.044976
nystrom-1d-redist-1d,cpp,perlmutter-gpu-cpu,32,128,32,50000,500,128,1,1,1,1,128,0.055542,0.202753,0.043935,0.129602,0.0,0.0,0.0
nystrom-1d-noredist-1d,cpp,perlmutter-gpu-cpu,32,128,32,50000,5000,128,1,1,128,1,1,0.489094,0.763051,0.116883,0.0,0.271652,0.0,0.0
nystrom-1d-noredist-1d,cpp,perlmutter-gpu,2,8,32,50000,5000,8,1,1,8,1,1,0.037877,0.081088,0.725173,0.0,0.371864,0.0,0.0
nystrom-2d-redist-1d-redundant,cpp,perlmutter-gpu,8,32,32,50000,500,8,4,1,1,32,1,0.077235,0.044129,7.4e-05,0.0,0.0,0.007742,0.117506
nystrom-1d-noredist-1d,cpp,perlmutter-gpu-cpu,4,16,32,50000,5000,16,1,1,16,1,1,0.469577,4.349998,0.477379,0.0,0.199353,0.0,0.0
nystrom-2d-redist-1d-redundant,cpp,perlmutter-gpu-cpu,1,4,32,50000,5000,2,2,1,1,4,1,0.472695,16.444559,1.717793,0.0,0.0,0.062809,0.044927
nystrom-1d-noredist-1d,cpp,perlmutter-gpu,8,32,32,50000,500,32,1,1,32,1,1,0.069807,0.031943,9.8e-05,0.0,0.441932,0.0,0.0
nystrom-1d-noredist-1d,cpp,perlmutter-gpu,1,4,32,50000,500,4,1,1,4,1,1,0.048058,0.042979,0.05539,0.0,0.234362,0.0,0.0
nystrom-2d-redist-1d-redundant,cpp,perlmutter-gpu,8,32,32,50000,500,8,4,1,1,32,1,0.076319,0.046085,8.9e-05,0.0,0.0,0.007629,0.169542
nystrom-2d-redist-1d-redundant,cpp,perlmutter-gpu,4,16,32,50000,5000,4,4,1,1,16,1,0.071069,0.08428,0.000277,0.0,0.0,0.017371,0.126663
nystrom-2d-redist-1d-redundant,cpp,perlmutter-gpu,4,16,32,50000,500,4,4,1,1,16,1,0.111376,0.044372,9.4e-05,0.0,0.0,0.012522,0.112936
nystrom-1d-noredist-1d,cpp,perlmutter-gpu,16,64,32,50000,500,64,1,1,64,1,1,0.077044,0.030611,8.8e-05,0.0,0.80551,0.0,0.0
nystrom-1d-redist-1d,cpp,perlmutter-gpu-cpu,4,16,32,50000,5000,16,1,1,1,1,16,0.480294,4.293115,0.447104,0.111744,0.0,0.0,0.0
nystrom-1d-noredist-1d,cpp,perlmutter-gpu,16,64,32,50000,5000,64,1,1,64,1,1,0.084168,0.065562,0.000107,0.0,0.889439,0.0,0.0
nystrom-1d-noredist-1d,cpp,perlmutter-gpu-cpu,4,16,32,50000,500,16,1,1,16,1,1,0.048949,0.559716,0.034911,0.0,0.116808,0.0,0.0
nystrom-2d-redist-1d-redundant,cpp,perlmutter-gpu-cpu,16,64,32,50000,5000,8,8,1,1,64,1,0.49186,1.167852,0.168165,0.0,0.0,0.008044,0.05317
nystrom-1d-noredist-1d,cpp,perlmutter-gpu-cpu,4,16,32,50000,500,16,1,1,16,1,1,0.048188,0.563257,0.021047,0.0,0.102003,0.0,0.0
nystrom-1d-redist-1d,cpp,perlmutter-gpu-cpu,1,4,32,50000,500,4,1,1,1,1,4,0.048598,1.692853,0.04585,0.030498,0.0,0.0,0.0
nystrom-2d-redist-1d-redundant,cpp,perlmutter-gpu,16,64,32,50000,5000,8,8,1,1,64,1,0.093241,0.097693,0.00659,0.0,0.0,0.016856,0.736355
nystrom-1d-noredist-1d,cpp,perlmutter-gpu-cpu,4,16,32,50000,5000,16,1,1,16,1,1,0.47971,4.300026,0.448108,0.0,0.170289,0.0,0.0
nystrom-1d-redist-1d,cpp,perlmutter-gpu-cpu,1,4,32,50000,5000,4,1,1,1,1,4,0.466471,17.937084,2.406216,0.386818,0.0,0.0,0.0
nystrom-1d-noredist-1d,cpp,perlmutter-gpu-cpu,16,64,32,50000,500,64,1,1,64,1,1,0.04871,0.277743,0.006845,0.0,0.133407,0.0,0.0
nystrom-2d-redist-1d-redundant,cpp,perlmutter-gpu,32,128,32,50000,500,16,8,1,1,128,1,0.101869,0.047622,9e-05,0.0,0.0,0.012141,1.109394
nystrom-1d-redist-1d,cpp,perlmutter-gpu-cpu,2,8,32,50000,5000,8,1,1,1,1,8,0.479335,8.174527,0.922018,0.212502,0.0,0.0,0.0
nystrom-1d-noredist-1d,cpp,perlmutter-gpu,1,4,32,50000,500,4,1,1,4,1,1,0.069216,0.07365,0.07898,0.0,0.133499,0.0,0.0
nystrom-1d-redist-1d,cpp,perlmutter-gpu,16,64,32,50000,500,64,1,1,1,1,64,0.126081,0.049667,0.032455,0.1734,0.0,0.0,0.0
nystrom-1d-noredist-1d,cpp,perlmutter-gpu-cpu,2,8,32,50000,5000,8,1,1,8,1,1,0.477954,8.168223,0.869565,0.0,0.332599,0.0,0.0
nystrom-2d-redist-1d-redundant,cpp,perlmutter-gpu-cpu,16,64,32,50000,500,8,8,1,1,64,1,0.049556,0.242751,0.034062,0.0,0.0,0.002331,0.007462
nystrom-1d-noredist-1d,cpp,perlmutter-gpu-cpu,1,4,32,50000,5000,4,1,1,4,1,1,0.472257,17.663889,1.692019,0.0,0.222987,0.0,0.0
nystrom-2d-redist-1d-redundant,cpp,perlmutter-gpu,2,8,32,50000,5000,4,2,1,1,8,1,0.075059,0.077825,0.008448,0.0,0.0,0.01749,0.204047
nystrom-1d-redist-1d,cpp,perlmutter-gpu,1,4,32,50000,500,4,1,1,1,1,4,0.028262,0.047997,9.5e-05,0.209976,0.0,0.0,0.0
nystrom-1d-noredist-1d,cpp,perlmutter-gpu-cpu,2,8,32,50000,5000,8,1,1,8,1,1,0.473812,8.123753,0.880208,0.0,0.254983,0.0,0.0
nystrom-2d-redist-1d-redundant,cpp,perlmutter-gpu-cpu,8,32,32,50000,5000,8,4,1,1,32,1,0.479756,2.121343,0.284782,0.0,0.0,0.011378,0.042527
nystrom-1d-noredist-1d,cpp,perlmutter-gpu-cpu,8,32,32,50000,5000,32,1,1,32,1,1,0.475701,2.303944,0.263829,0.0,0.220908,0.0,0.0
nystrom-2d-redist-1d-redundant,cpp,perlmutter-gpu-cpu,4,16,32,50000,5000,4,4,1,1,16,1,0.476132,4.596046,0.48588,0.0,0.0,0.022032,0.041059
nystrom-2d-redist-1d-redundant,cpp,perlmutter-gpu-cpu,8,32,32,50000,500,8,4,1,1,32,1,0.048802,0.346192,0.014115,0.0,0.0,0.002941,0.001761
nystrom-1d-noredist-1d,cpp,perlmutter-gpu-cpu,8,32,32,50000,5000,32,1,1,32,1,1,0.489455,2.259389,0.285353,0.0,0.202195,0.0,0.0
nystrom-1d-noredist-1d,cpp,perlmutter-gpu,16,64,32,50000,5000,64,1,1,64,1,1,0.091769,0.067852,0.000145,0.0,1.050283,0.0,0.0
nystrom-2d-redist-1d-redundant,cpp,perlmutter-gpu,1,4,32,50000,5000,2,2,1,1,4,1,0.088998,0.090985,0.008242,0.0,0.0,0.025083,0.26603
nystrom-1d-noredist-1d,cpp,perlmutter-gpu-cpu,32,128,32,50000,500,128,1,1,128,1,1,0.051079,0.180466,0.010367,0.0,0.17348,0.0,0.0
nystrom-1d-noredist-1d,cpp,perlmutter-gpu-cpu,16,64,32,50000,500,64,1,1,64,1,1,0.049991,0.252632,0.006592,0.0,0.110678,0.0,0.0
nystrom-2d-redist-1d-redundant,cpp,perlmutter-gpu,1,4,32,50000,500,2,2,1,1,4,1,0.02799,0.069605,0.006064,0.0,0.0,0.118433,0.005413
nystrom-1d-noredist-1d,cpp,perlmutter-gpu-cpu,32,128,32,50000,5000,128,1,1,128,1,1,0.485176,0.777789,0.133776,0.0,0.270688,0.0,0.0
nystrom-2d-redist-1d-redundant,cpp,perlmutter-gpu,1,4,32,50000,500,2,2,1,1,4,1,0.06341,0.050365,0.004431,0.0,0.0,0.089799,0.007138
nystrom-1d-noredist-1d,cpp,perlmutter-gpu-cpu,4,16,32,50000,5000,16,1,1,16,1,1,0.474989,4.29983,0.464507,0.0,0.133347,0.0,0.0
nystrom-1d-redist-1d,cpp,perlmutter-gpu-cpu,32,128,32,50000,5000,128,1,1,1,1,128,0.501816,0.7583,0.230624,0.189744,0.0,0.0,0.0
nystrom-1d-noredist-1d,cpp,perlmutter-gpu-cpu,8,32,32,50000,5000,32,1,1,32,1,1,0.506377,2.299346,0.277633,0.0,0.203265,0.0,0.0
nystrom-1d-noredist-1d,cpp,perlmutter-gpu,4,16,32,50000,5000,16,1,1,16,1,1,0.10321,0.074352,8.6e-05,0.0,0.712785,0.0,0.0
nystrom-1d-noredist-1d,cpp,perlmutter-gpu,8,32,32,50000,5000,32,1,1,32,1,1,0.071125,0.099964,0.160461,0.0,0.665957,0.0,0.0
nystrom-2d-redist-1d-redundant,cpp,perlmutter-gpu,4,16,32,50000,5000,4,4,1,1,16,1,0.063197,0.089351,0.000254,0.0,0.0,0.017113,0.326576
nystrom-2d-redist-1d-redundant,cpp,perlmutter-gpu,1,4,32,50000,500,2,2,1,1,4,1,0.032673,0.073786,0.005214,0.0,0.0,0.075104,0.033686
nystrom-1d-noredist-1d,cpp,perlmutter-gpu-cpu,8,32,32,50000,5000,32,1,1,32,1,1,0.490348,2.267836,0.281986,0.0,0.22721,0.0,0.0
nystrom-1d-noredist-1d,cpp,perlmutter-gpu-cpu,1,4,32,50000,500,4,1,1,4,1,1,0.047809,1.785023,0.034242,0.0,0.082577,0.0,0.0
nystrom-1d-redist-1d,cpp,perlmutter-gpu,8,32,32,50000,500,32,1,1,1,1,32,0.102091,0.031929,0.004582,0.267461,0.0,0.0,0.0
nystrom-2d-redist-1d-redundant,cpp,perlmutter-gpu,1,4,32,50000,500,2,2,1,1,4,1,0.041056,0.036129,0.002257,0.0,0.0,0.057927,0.032938
nystrom-1d-redist-1d,cpp,perlmutter-gpu,8,32,32,50000,500,32,1,1,1,1,32,0.087673,0.03572,0.00481,0.247553,0.0,0.0,0.0
nystrom-1d-redist-1d,cpp,perlmutter-gpu,32,128,32,50000,5000,128,1,1,1,1,128,0.095333,0.056111,0.000397,0.279541,0.0,0.0,0.0
nystrom-2d-redist-1d-redundant,cpp,perlmutter-gpu,1,4,32,50000,5000,2,2,1,1,4,1,0.032482,0.094353,0.003708,0.0,0.0,0.017989,0.244241
nystrom-2d-redist-1d-redundant,cpp,perlmutter-gpu,4,16,32,50000,500,4,4,1,1,16,1,0.048524,0.047668,7.5e-05,0.0,0.0,0.012499,0.06106
nystrom-1d-noredist-1d,cpp,perlmutter-gpu,32,128,32,50000,500,128,1,1,128,1,1,0.085682,0.028686,0.000125,0.0,1.381023,0.0,0.0
nystrom-1d-noredist-1d,cpp,perlmutter-gpu,2,8,32,50000,500,8,1,1,8,1,1,0.035503,0.04144,0.036253,0.0,0.198828,0.0,0.0
nystrom-1d-noredist-1d,cpp,perlmutter-gpu,16,64,32,50000,500,64,1,1,64,1,1,0.088415,0.032151,8.3e-05,0.0,0.39004,0.0,0.0
nystrom-1d-redist-1d,cpp,perlmutter-gpu,32,128,32,50000,5000,128,1,1,1,1,128,0.105564,0.056104,0.000392,0.280366,0.0,0.0,0.0
nystrom-2d-redist-1d-redundant,cpp,perlmutter-gpu,1,4,32,50000,5000,2,2,1,1,4,1,0.042003,0.095716,0.005768,0.0,0.0,0.044796,0.245118
nystrom-2d-redist-1d-redundant,cpp,perlmutter-gpu,4,16,32,50000,500,4,4,1,1,16,1,0.063527,0.042459,8.8e-05,0.0,0.0,0.008407,0.085094
nystrom-1d-redist-1d,cpp,perlmutter-gpu-cpu,32,128,32,50000,5000,128,1,1,1,1,128,0.483083,0.732388,0.22233,0.169419,0.0,0.0,0.0
nystrom-1d-noredist-1d,cpp,perlmutter-gpu-cpu,32,128,32,50000,5000,128,1,1,128,1,1,0.50512,0.795206,0.188118,0.0,0.269656,0.0,0.0
nystrom-1d-redist-1d,cpp,perlmutter-gpu-cpu,2,8,32,50000,500,8,1,1,1,1,8,0.048685,0.972515,0.031798,0.091462,0.0,0.0,0.0
nystrom-2d-redist-1d-redundant,cpp,perlmutter-gpu-cpu,1,4,32,50000,500,2,2,1,1,4,1,0.049299,1.750986,0.030944,0.0,0.0,0.008083,0.001256
nystrom-1d-noredist-1d,cpp,perlmutter-gpu,8,32,32,50000,5000,32,1,1,32,1,1,0.075207,0.082143,0.155362,0.0,0.650073,0.0,0.0
nystrom-2d-redist-1d-redundant,cpp,perlmutter-gpu-cpu,4,16,32,50000,5000,4,4,1,1,16,1,0.477517,4.54708,0.460967,0.0,0.0,0.020087,0.041166
nystrom-1d-noredist-1d,cpp,perlmutter-gpu,4,16,32,50000,500,16,1,1,16,1,1,0.042215,0.036242,7.1e-05,0.0,0.17261,0.0,0.0
nystrom-1d-noredist-1d,cpp,perlmutter-gpu-cpu,8,32,32,50000,5000,32,1,1,32,1,1,0.477069,2.28866,0.290717,0.0,0.268013,0.0,0.0
nystrom-1d-noredist-1d,cpp,perlmutter-gpu,4,16,32,50000,500,16,1,1,16,1,1,0.084848,0.049449,8.1e-05,0.0,0.259903,0.0,0.0
nystrom-1d-redist-1d,cpp,perlmutter-gpu,32,128,32,50000,500,128,1,1,1,1,128,0.091994,0.029295,0.004646,0.239302,0.0,0.0,0.0
nystrom-1d-redist-1d,cpp,perlmutter-gpu,2,8,32,50000,500,8,1,1,1,1,8,0.098243,0.048907,0.024323,0.146903,0.0,0.0,0.0
nystrom-1d-noredist-1d,cpp,perlmutter-gpu-cpu,8,32,32,50000,500,32,1,1,32,1,1,0.049525,0.349784,0.028881,0.0,0.13038,0.0,0.0
nystrom-2d-redist-1d-redundant,cpp,perlmutter-gpu-cpu,8,32,32,50000,5000,8,4,1,1,32,1,0.490181,2.117146,0.280481,0.0,0.0,0.011546,0.041372
nystrom-1d-noredist-1d,cpp,perlmutter-gpu,16,64,32,50000,500,64,1,1,64,1,1,0.07132,0.02963,0.000101,0.0,0.70417,0.0,0.0
nystrom-2d-redist-1d-redundant,cpp,perlmutter-gpu,8,32,32,50000,5000,8,4,1,1,32,1,0.06507,0.094937,0.000138,0.0,0.0,0.01698,0.235929
nystrom-2d-redist-1d-redundant,cpp,perlmutter-gpu-cpu,32,128,32,50000,500,16,8,1,1,128,1,0.051218,0.185404,0.099879,0.0,0.0,0.001028,0.094488
nystrom-2d-redist-1d-redundant,cpp,perlmutter-gpu,32,128,32,50000,500,16,8,1,1,128,1,0.115135,0.052122,0.000135,0.0,0.0,0.016639,1.170071
nystrom-2d-redist-1d-redundant,cpp,perlmutter-gpu-cpu,32,128,32,50000,500,16,8,1,1,128,1,0.049901,0.175566,0.070237,0.0,0.0,0.001097,0.00998
nystrom-1d-noredist-1d,cpp,perlmutter-gpu-cpu,1,4,32,50000,500,4,1,1,4,1,1,0.048232,1.747941,0.030563,0.0,0.031016,0.0,0.0
nystrom-2d-redist-1d-redundant,cpp,perlmutter-gpu,2,8,32,50000,5000,4,2,1,1,8,1,0.045828,0.062428,0.006341,0.0,0.0,0.017441,0.184031
nystrom-2d-redist-1d-redundant,cpp,perlmutter-gpu,32,128,32,50000,5000,16,8,1,1,128,1,0.096128,0.085869,0.004301,0.0,0.0,0.016765,1.432198
nystrom-1d-noredist-1d,cpp,perlmutter-gpu-cpu,8,32,32,50000,500,32,1,1,32,1,1,0.04989,0.351849,0.01413,0.0,0.10913,0.0,0.0
nystrom-1d-noredist-1d,cpp,perlmutter-gpu-cpu,4,16,32,50000,5000,16,1,1,16,1,1,0.475331,4.309315,0.456498,0.0,0.191628,0.0,0.0
nystrom-1d-redist-1d,cpp,perlmutter-gpu-cpu,8,32,32,50000,500,32,1,1,1,1,32,0.049887,0.359858,0.031182,0.111774,0.0,0.0,0.0
nystrom-2d-redist-1d-redundant,cpp,perlmutter-gpu,8,32,32,50000,5000,8,4,1,1,32,1,0.111099,0.071851,0.000131,0.0,0.0,0.017064,0.302299
nystrom-2d-redist-1d-redundant,cpp,perlmutter-gpu-cpu,32,128,32,50000,5000,16,8,1,1,128,1,0.481123,0.694601,0.135735,0.0,0.0,0.004532,0.074388
nystrom-1d-noredist-1d,cpp,perlmutter-gpu,2,8,32,50000,5000,8,1,1,8,1,1,0.072867,0.087029,0.721305,0.0,0.38035,0.0,0.0
nystrom-1d-redist-1d,cpp,perlmutter-gpu-cpu,4,16,32,50000,500,16,1,1,1,1,16,0.05059,0.568645,0.029104,0.124998,0.0,0.0,0.0
nystrom-1d-redist-1d,cpp,perlmutter-gpu-cpu,1,4,32,50000,5000,4,1,1,1,1,4,0.473248,17.902369,2.379381,0.229415,0.0,0.0,0.0
nystrom-1d-redist-1d,cpp,perlmutter-gpu-cpu,32,128,32,50000,500,128,1,1,1,1,128,0.050986,0.186486,0.068614,0.117642,0.0,0.0,0.0
nystrom-2d-redist-1d-redundant,cpp,perlmutter-gpu,4,16,32,50000,5000,4,4,1,1,16,1,0.072164,0.085967,0.00024,0.0,0.0,0.01712,0.192505
nystrom-1d-redist-1d,cpp,perlmutter-gpu,16,64,32,50000,500,64,1,1,1,1,64,0.073231,0.029738,0.004604,0.222855,0.0,0.0,0.0
nystrom-2d-redist-1d-redundant,cpp,perlmutter-gpu-cpu,2,8,32,50000,500,4,2,1,1,8,1,0.0496,0.944383,0.015813,0.0,0.0,0.008825,0.0014
nystrom-2d-redist-1d-redundant,cpp,perlmutter-gpu-cpu,1,4,32,50000,500,2,2,1,1,4,1,0.049717,1.750788,0.032852,0.0,0.0,0.007935,0.001263
nystrom-1d-redist-1d,cpp,perlmutter-gpu-cpu,2,8,32,50000,500,8,1,1,1,1,8,0.048411,0.916708,0.033214,0.042145,0.0,0.0,0.0
nystrom-2d-redist-1d-redundant,cpp,perlmutter-gpu,2,8,32,50000,500,4,2,1,1,8,1,0.058644,0.042368,0.004403,0.0,0.0,0.057663,0.009895
nystrom-2d-redist-1d-redundant,cpp,perlmutter-gpu-cpu,16,64,32,50000,500,8,8,1,1,64,1,0.04999,0.229824,0.032225,0.0,0.0,0.002401,0.007644
nystrom-1d-noredist-1d,cpp,perlmutter-gpu-cpu,16,64,32,50000,5000,64,1,1,64,1,1,0.476407,1.275421,0.180905,0.0,0.242169,0.0,0.0
nystrom-1d-noredist-1d,cpp,perlmutter-gpu-cpu,32,128,32,50000,500,128,1,1,128,1,1,0.051494,0.230477,0.007397,0.0,0.179267,0.0,0.0
nystrom-2d-redist-1d-redundant,cpp,perlmutter-gpu,2,8,32,50000,500,4,2,1,1,8,1,0.034694,0.046408,0.004434,0.0,0.0,0.055576,0.00913
nystrom-2d-redist-1d-redundant,cpp,perlmutter-gpu-cpu,2,8,32,50000,500,4,2,1,1,8,1,0.051683,0.940366,0.021228,0.0,0.0,0.00439,0.001411
nystrom-1d-noredist-1d,cpp,perlmutter-gpu-cpu,16,64,32,50000,500,64,1,1,64,1,1,0.049024,0.320147,0.005372,0.0,0.175877,0.0,0.0
nystrom-1d-redist-1d,cpp,perlmutter-gpu-cpu,4,16,32,50000,500,16,1,1,1,1,16,0.051553,0.540814,0.029628,0.089732,0.0,0.0,0.0
nystrom-1d-redist-1d,cpp,perlmutter-gpu,4,16,32,50000,5000,16,1,1,1,1,16,0.075106,0.093473,0.000354,0.448419,0.0,0.0,0.0
nystrom-1d-noredist-1d,cpp,perlmutter-gpu,32,128,32,50000,500,128,1,1,128,1,1,0.093239,0.028662,0.000114,0.0,1.588436,0.0,0.0
nystrom-2d-redist-1d-redundant,cpp,perlmutter-gpu,8,32,32,50000,5000,8,4,1,1,32,1,0.073948,0.088505,0.000134,0.0,0.0,0.017061,0.556279
nystrom-1d-noredist-1d,cpp,perlmutter-gpu-cpu,1,4,32,50000,5000,4,1,1,4,1,1,0.471548,17.630007,1.678341,0.0,0.142696,0.0,0.0
nystrom-2d-redist-1d-redundant,cpp,perlmutter-gpu-cpu,32,128,32,50000,500,16,8,1,1,128,1,0.05108,0.230156,0.100621,0.0,0.0,0.001006,0.019366
nystrom-2d-redist-1d-redundant,cpp,perlmutter-gpu-cpu,2,8,32,50000,500,4,2,1,1,8,1,0.049344,0.972158,0.020105,0.0,0.0,0.00478,0.001364
nystrom-1d-noredist-1d,cpp,perlmutter-gpu-cpu,16,64,32,50000,500,64,1,1,64,1,1,0.048917,0.270544,0.013908,0.0,0.132391,0.0,0.0
nystrom-1d-noredist-1d,cpp,perlmutter-gpu,32,128,32,50000,5000,128,1,1,128,1,1,0.083408,0.053471,0.028537,0.0,1.516864,0.0,0.0
nystrom-1d-redist-1d,cpp,perlmutter-gpu-cpu,2,8,32,50000,500,8,1,1,1,1,8,0.048682,0.935708,0.039204,0.080771,0.0,0.0,0.0
nystrom-2d-redist-1d-redundant,cpp,perlmutter-gpu,2,8,32,50000,500,4,2,1,1,8,1,0.077885,0.049624,0.004466,0.0,0.0,0.053718,0.066153
nystrom-1d-redist-1d,cpp,perlmutter-gpu,16,64,32,50000,5000,64,1,1,1,1,64,0.106712,0.074917,0.000347,0.261614,0.0,0.0,0.0
nystrom-1d-redist-1d,cpp,perlmutter-gpu,1,4,32,50000,5000,4,1,1,1,1,4,0.106645,0.072223,0.000318,1.556297,0.0,0.0,0.0
nystrom-1d-redist-1d,cpp,perlmutter-gpu-cpu,16,64,32,50000,5000,64,1,1,1,1,64,0.476282,1.331179,0.226638,0.2458,0.0,0.0,0.0
nystrom-1d-noredist-1d,cpp,perlmutter-gpu,8,32,32,50000,500,32,1,1,32,1,1,0.061892,0.035091,7.7e-05,0.0,0.40327,0.0,0.0
nystrom-2d-redist-1d-redundant,cpp,perlmutter-gpu-cpu,8,32,32,50000,500,8,4,1,1,32,1,0.049374,0.323,0.011585,0.0,0.0,0.002964,0.001792
nystrom-1d-redist-1d,cpp,perlmutter-gpu,1,4,32,50000,5000,4,1,1,1,1,4,0.042167,0.091329,0.000315,1.5967,0.0,0.0,0.0
nystrom-2d-redist-1d-redundant,cpp,perlmutter-gpu-cpu,1,4,32,50000,5000,2,2,1,1,4,1,0.474029,16.499551,1.67348,0.0,0.0,0.065156,0.045154
nystrom-1d-noredist-1d,cpp,perlmutter-gpu-cpu,4,16,32,50000,500,16,1,1,16,1,1,0.04886,0.553134,0.020923,0.0,0.101053,0.0,0.0
nystrom-2d-redist-1d-redundant,cpp,perlmutter-gpu-cpu,1,4,32,50000,500,2,2,1,1,4,1,0.049214,1.741675,0.032797,0.0,0.0,0.007895,0.001249
nystrom-1d-redist-1d,cpp,perlmutter-gpu-cpu,4,16,32,50000,5000,16,1,1,1,1,16,0.484658,4.291626,0.43628,0.088864,0.0,0.0,0.0
nystrom-2d-redist-1d-redundant,cpp,perlmutter-gpu-cpu,4,16,32,50000,5000,4,4,1,1,16,1,0.473589,4.6216,0.455105,0.0,0.0,0.022295,0.041001
nystrom-2d-redist-1d-redundant,cpp,perlmutter-gpu,4,16,32,50000,500,4,4,1,1,16,1,0.067429,0.044527,7.5e-05,0.0,0.0,0.008345,0.023047
nystrom-1d-redist-1d,cpp,perlmutter-gpu,1,4,32,50000,500,4,1,1,1,1,4,0.035048,0.058339,0.000254,0.170346,0.0,0.0,0.0
nystrom-1d-noredist-1d,cpp,perlmutter-gpu-cpu,16,64,32,50000,500,64,1,1,64,1,1,0.049125,0.329215,0.006189,0.0,0.137508,0.0,0.0
nystrom-1d-redist-1d,cpp,perlmutter-gpu,1,4,32,50000,500,4,1,1,1,1,4,0.048419,0.055404,0.000106,0.173019,0.0,0.0,0.0
nystrom-1d-noredist-1d,cpp,perlmutter-gpu-cpu,2,8,32,50000,5000,8,1,1,8,1,1,0.472528,8.211042,0.859158,0.0,0.365443,0.0,0.0
nystrom-1d-noredist-1d,cpp,perlmutter-gpu,32,128,32,50000,500,128,1,1,128,1,1,0.094884,0.029309,0.000124,0.0,1.395393,0.0,0.0
nystrom-2d-redist-1d-redundant,cpp,perlmutter-gpu-cpu,2,8,32,50000,5000,4,2,1,1,8,1,0.478943,9.062641,0.937478,0.0,0.0,0.035647,0.048475
nystrom-2d-redist-1d-redundant,cpp,perlmutter-gpu,2,8,32,50000,500,4,2,1,1,8,1,0.049844,0.039877,0.004463,0.0,0.0,0.050911,0.050228
nystrom-1d-redist-1d,cpp,perlmutter-gpu-cpu,4,16,32,50000,500,16,1,1,1,1,16,0.0509,0.586032,0.03903,0.14486,0.0,0.0,0.0
nystrom-2d-redist-1d-redundant,cpp,perlmutter-gpu-cpu,8,32,32,50000,500,8,4,1,1,32,1,0.048702,0.313532,0.028823,0.0,0.0,0.002903,0.001734
nystrom-2d-redist-1d-redundant,cpp,perlmutter-gpu,1,4,32,50000,500,2,2,1,1,4,1,0.078755,0.040945,0.0053,0.0,0.0,0.044209,0.006151
nystrom-1d-noredist-1d,cpp,perlmutter-gpu-cpu,4,16,32,50000,5000,16,1,1,16,1,1,0.47474,4.339674,0.461413,0.0,0.155878,0.0,0.0
nystrom-1d-redist-1d,cpp,perlmutter-gpu,1,4,32,50000,5000,4,1,1,1,1,4,0.095958,0.063543,0.000324,1.564128,0.0,0.0,0.0
nystrom-2d-redist-1d-redundant,cpp,perlmutter-gpu,2,8,32,50000,5000,4,2,1,1,8,1,0.049273,0.06242,0.008252,0.0,0.0,0.017511,0.2057
nystrom-1d-noredist-1d,cpp,perlmutter-gpu-cpu,8,32,32,50000,500,32,1,1,32,1,1,0.047668,0.35142,0.010895,0.0,0.099285,0.0,0.0
nystrom-1d-noredist-1d,cpp,perlmutter-gpu,32,128,32,50000,500,128,1,1,128,1,1,0.091116,0.028941,0.000117,0.0,1.18115,0.0,0.0
nystrom-1d-noredist-1d,cpp,perlmutter-gpu,2,8,32,50000,500,8,1,1,8,1,1,0.085993,0.049422,0.072491,0.0,0.029968,0.0,0.0
nystrom-1d-noredist-1d,cpp,perlmutter-gpu,1,4,32,50000,500,4,1,1,4,1,1,0.035864,0.067504,0.07577,0.0,0.133603,0.0,0.0
nystrom-1d-redist-1d,cpp,perlmutter-gpu-cpu,8,32,32,50000,500,32,1,1,1,1,32,0.049528,0.344712,0.026525,0.096771,0.0,0.0,0.0
nystrom-1d-redist-1d,cpp,perlmutter-gpu,32,128,32,50000,5000,128,1,1,1,1,128,0.098752,0.057353,0.000357,0.258654,0.0,0.0,0.0
nystrom-2d-redist-1d-redundant,cpp,perlmutter-gpu-cpu,32,128,32,50000,500,16,8,1,1,128,1,0.049773,0.205927,0.057954,0.0,0.0,0.001107,0.040571
nystrom-1d-noredist-1d,cpp,perlmutter-gpu,16,64,32,50000,500,64,1,1,64,1,1,0.079146,0.031044,0.000131,0.0,0.491191,0.0,0.0
nystrom-1d-noredist-1d,cpp,perlmutter-gpu,2,8,32,50000,5000,8,1,1,8,1,1,0.035717,0.076451,0.723895,0.0,0.345799,0.0,0.0
nystrom-1d-redist-1d,cpp,perlmutter-gpu,4,16,32,50000,5000,16,1,1,1,1,16,0.10215,0.095522,0.000348,0.469049,0.0,0.0,0.0
nystrom-2d-redist-1d-redundant,cpp,perlmutter-gpu,8,32,32,50000,500,8,4,1,1,32,1,0.072875,0.044268,0.00014,0.0,0.0,0.005823,0.141786
nystrom-1d-redist-1d,cpp,perlmutter-gpu-cpu,2,8,32,50000,5000,8,1,1,1,1,8,0.480495,8.201612,0.932437,0.263117,0.0,0.0,0.0
nystrom-2d-redist-1d-redundant,cpp,perlmutter-gpu-cpu,2,8,32,50000,5000,4,2,1,1,8,1,0.472276,9.062796,0.896924,0.0,0.0,0.035863,0.05476
nystrom-1d-redist-1d,cpp,perlmutter-gpu,8,32,32,50000,500,32,1,1,1,1,32,0.072545,0.034526,0.00464,0.185354,0.0,0.0,0.0
nystrom-1d-noredist-1d,cpp,perlmutter-gpu,4,16,32,50000,5000,16,1,1,16,1,1,0.054913,0.078622,0.000105,0.0,0.683528,0.0,0.0
nystrom-1d-redist-1d,cpp,perlmutter-gpu,8,32,32,50000,5000,32,1,1,1,1,32,0.144772,0.078778,0.000337,0.428879,0.0,0.0,0.0
nystrom-2d-redist-1d-redundant,cpp,perlmutter-gpu-cpu,8,32,32,50000,5000,8,4,1,1,32,1,0.479212,2.111715,0.264656,0.0,0.0,0.012041,0.043375
nystrom-1d-noredist-1d,cpp,perlmutter-gpu-cpu,32,128,32,50000,5000,128,1,1,128,1,1,0.485809,0.740641,0.178937,0.0,0.231232,0.0,0.0
nystrom-2d-redist-1d-redundant,cpp,perlmutter-gpu,32,128,32,50000,5000,16,8,1,1,128,1,0.093042,0.098724,0.007814,0.0,0.0,0.016836,1.45649
nystrom-1d-noredist-1d,cpp,perlmutter-gpu,1,4,32,50000,5000,4,1,1,4,1,1,0.068397,0.070104,1.462917,0.0,0.428795,0.0,0.0
nystrom-2d-redist-1d-redundant,cpp,perlmutter-gpu-cpu,4,16,32,50000,5000,4,4,1,1,16,1,0.496107,4.560329,0.476432,0.0,0.0,0.022197,0.041022
nystrom-2d-redist-1d-redundant,cpp,perlmutter-gpu,1,4,32,50000,500,2,2,1,1,4,1,0.068556,0.045607,0.002797,0.0,0.0,0.055137,0.005439
nystrom-2d-redist-1d-redundant,cpp,perlmutter-gpu,16,64,32,50000,5000,8,8,1,1,64,1,0.088323,0.086132,0.006752,0.0,0.0,0.016859,0.780457
nystrom-1d-noredist-1d,cpp,perlmutter-gpu,16,64,32,50000,5000,64,1,1,64,1,1,0.091361,0.068529,9e-05,0.0,0.870858,0.0,0.0
nystrom-2d-redist-1d-redundant,cpp,perlmutter-gpu,8,32,32,50000,5000,8,4,1,1,32,1,0.041093,0.076285,0.000149,0.0,0.0,0.016946,0.389005
nystrom-2d-redist-1d-redundant,cpp,perlmutter-gpu-cpu,32,128,32,50000,5000,16,8,1,1,128,1,0.484118,0.663934,0.113493,0.0,0.0,0.004695,0.102444
nystrom-1d-noredist-1d,cpp,perlmutter-gpu,4,16,32,50000,5000,16,1,1,16,1,1,0.075652,0.071998,8.8e-05,0.0,0.728898,0.0,0.0
nystrom-2d-redist-1d-redundant,cpp,perlmutter-gpu,1,4,32,50000,500,2,2,1,1,4,1,0.12868,0.065222,0.023885,0.0,0.0,0.16152,0.005971
nystrom-1d-redist-1d,cpp,perlmutter-gpu-cpu,1,4,32,50000,500,4,1,1,1,1,4,0.047829,1.73538,0.044439,0.107365,0.0,0.0,0.0
nystrom-1d-noredist-1d,cpp,perlmutter-gpu-cpu,16,64,32,50000,500,64,1,1,64,1,1,0.051108,0.273061,0.031064,0.0,0.130151,0.0,0.0
nystrom-1d-noredist-1d,cpp,perlmutter-gpu-cpu,8,32,32,50000,5000,32,1,1,32,1,1,0.473764,2.292374,0.278172,0.0,0.21996,0.0,0.0
nystrom-1d-redist-1d,cpp,perlmutter-gpu-cpu,32,128,32,50000,500,128,1,1,1,1,128,0.052115,0.222773,0.033882,0.193594,0.0,0.0,0.0
nystrom-1d-noredist-1d,cpp,perlmutter-gpu-cpu,16,64,32,50000,500,64,1,1,64,1,1,0.050618,0.25682,0.077319,0.0,0.120813,0.0,0.0
nystrom-1d-redist-1d,cpp,perlmutter-gpu,8,32,32,50000,500,32,1,1,1,1,32,0.115342,0.031541,0.004382,0.176626,0.0,0.0,0.0
nystrom-2d-redist-1d-redundant,cpp,perlmutter-gpu-cpu,4,16,32,50000,500,4,4,1,1,16,1,0.049839,0.527143,0.008134,0.0,0.0,0.003372,0.001315
nystrom-1d-redist-1d,cpp,perlmutter-gpu,32,128,32,50000,500,128,1,1,1,1,128,0.098221,0.028203,0.004642,0.282633,0.0,0.0,0.0
nystrom-1d-noredist-1d,cpp,perlmutter-gpu-cpu,32,128,32,50000,500,128,1,1,128,1,1,0.051516,0.197443,0.013786,0.0,0.130231,0.0,0.0
nystrom-2d-redist-1d-redundant,cpp,perlmutter-gpu-cpu,16,64,32,50000,5000,8,8,1,1,64,1,0.485164,1.208659,0.172861,0.0,0.0,0.008016,0.067578
nystrom-2d-redist-1d-redundant,cpp,perlmutter-gpu-cpu,2,8,32,50000,5000,4,2,1,1,8,1,0.47234,9.074763,0.936221,0.0,0.0,0.039867,0.054161
nystrom-2d-redist-1d-redundant,cpp,perlmutter-gpu-cpu,1,4,32,50000,500,2,2,1,1,4,1,0.048894,1.77481,0.031224,0.0,0.0,0.007986,0.001161
nystrom-1d-redist-1d,cpp,perlmutter-gpu-cpu,32,128,32,50000,5000,128,1,1,1,1,128,0.501049,0.726119,0.223925,0.163008,0.0,0.0,0.0
nystrom-1d-noredist-1d,cpp,perlmutter-gpu,2,8,32,50000,5000,8,1,1,8,1,1,0.072461,0.084931,0.732107,0.0,0.424326,0.0,0.0
nystrom-2d-redist-1d-redundant,cpp,perlmutter-gpu-cpu,32,128,32,50000,5000,16,8,1,1,128,1,0.487605,0.681825,0.121344,0.0,0.0,0.004806,0.097851
nystrom-2d-redist-1d-redundant,cpp,perlmutter-gpu,32,128,32,50000,500,16,8,1,1,128,1,0.08938,0.053295,8.8e-05,0.0,0.0,0.01215,1.221081
nystrom-1d-redist-1d,cpp,perlmutter-gpu,16,64,32,50000,5000,64,1,1,1,1,64,0.061281,0.067613,0.000342,0.244263,0.0,0.0,0.0
nystrom-2d-redist-1d-redundant,cpp,perlmutter-gpu,8,32,32,50000,5000,8,4,1,1,32,1,0.077413,0.090168,0.000252,0.0,0.0,0.016942,0.44535
nystrom-1d-noredist-1d,cpp,perlmutter-gpu,8,32,32,50000,500,32,1,1,32,1,1,0.09384,0.033642,0.000115,0.0,0.480793,0.0,0.0
nystrom-1d-noredist-1d,cpp,perlmutter-gpu,1,4,32,50000,500,4,1,1,4,1,1,0.070419,0.063073,0.081024,0.0,0.298286,0.0,0.0
nystrom-1d-redist-1d,cpp,perlmutter-gpu,2,8,32,50000,5000,8,1,1,1,1,8,0.034707,0.064851,0.000354,0.820107,0.0,0.0,0.0
nystrom-1d-redist-1d,cpp,perlmutter-gpu-cpu,8,32,32,50000,500,32,1,1,1,1,32,0.048974,0.365711,0.037264,0.121125,0.0,0.0,0.0
nystrom-1d-noredist-1d,cpp,perlmutter-gpu,8,32,32,50000,500,32,1,1,32,1,1,0.071262,0.032073,7.7e-05,0.0,0.428032,0.0,0.0
nystrom-1d-noredist-1d,cpp,perlmutter-gpu-cpu,4,16,32,50000,500,16,1,1,16,1,1,0.048901,0.565551,0.018861,0.0,0.126111,0.0,0.0
nystrom-2d-redist-1d-redundant,cpp,perlmutter-gpu,32,128,32,50000,500,16,8,1,1,128,1,0.085048,0.050813,0.000203,0.0,0.0,0.012082,1.193669
nystrom-1d-redist-1d,cpp,perlmutter-gpu,16,64,32,50000,500,64,1,1,1,1,64,0.075377,0.02931,0.004583,0.22331,0.0,0.0,0.0
nystrom-1d-noredist-1d,cpp,perlmutter-gpu,32,128,32,50000,5000,128,1,1,128,1,1,0.121425,0.055114,0.031929,0.0,1.518987,0.0,0.0
nystrom-1d-noredist-1d,cpp,perlmutter-gpu-cpu,2,8,32,50000,500,8,1,1,8,1,1,0.051184,0.925115,0.027341,0.0,0.04676,0.0,0.0
nystrom-1d-redist-1d,cpp,perlmutter-gpu,32,128,32,50000,500,128,1,1,1,1,128,0.094013,0.030596,0.005012,0.238063,0.0,0.0,0.0
nystrom-1d-noredist-1d,cpp,perlmutter-gpu,1,4,32,50000,5000,4,1,1,4,1,1,0.038736,0.074117,1.46067,0.0,0.421203,0.0,0.0
nystrom-2d-redist-1d-redundant,cpp,perlmutter-gpu-cpu,4,16,32,50000,5000,4,4,1,1,16,1,0.478252,4.602258,0.465603,0.0,0.0,0.022581,0.041337
nystrom-1d-redist-1d,cpp,perlmutter-gpu,1,4,32,50000,500,4,1,1,1,1,4,0.034397,0.051312,9.2e-05,0.172315,0.0,0.0,0.0
nystrom-1d-noredist-1d,cpp,perlmutter-gpu,16,64,32,50000,5000,64,1,1,64,1,1,0.081939,0.075688,0.000104,0.0,0.754708,0.0,0.0
nystrom-1d-noredist-1d,cpp,perlmutter-gpu-cpu,32,128,32,50000,5000,128,1,1,128,1,1,0.47727,0.740059,0.113082,0.0,0.225417,0.0,0.0
nystrom-1d-redist-1d,cpp,perlmutter-gpu,8,32,32,50000,5000,32,1,1,1,1,32,0.0666,0.078613,0.000392,0.415729,0.0,0.0,0.0
nystrom-1d-redist-1d,cpp,perlmutter-gpu,32,128,32,50000,5000,128,1,1,1,1,128,0.092739,0.051589,0.000388,0.248483,0.0,0.0,0.0
nystrom-1d-redist-1d,cpp,perlmutter-gpu-cpu,2,8,32,50000,500,8,1,1,1,1,8,0.048124,0.931349,0.033124,0.068539,0.0,0.0,0.0
nystrom-1d-redist-1d,cpp,perlmutter-gpu-cpu,2,8,32,50000,500,8,1,1,1,1,8,0.049356,0.975761,0.034179,0.122912,0.0,0.0,0.0
nystrom-1d-noredist-1d,cpp,perlmutter-gpu-cpu,2,8,32,50000,500,8,1,1,8,1,1,0.048588,0.933508,0.023176,0.0,0.088128,0.0,0.0
nystrom-1d-redist-1d,cpp,perlmutter-gpu,2,8,32,50000,5000,8,1,1,1,1,8,0.028068,0.078676,0.000361,0.790596,0.0,0.0,0.0
nystrom-1d-noredist-1d,cpp,perlmutter-gpu,1,4,32,50000,500,4,1,1,4,1,1,0.148344,0.038649,0.042915,0.0,0.169494,0.0,0.0
nystrom-2d-redist-1d-redundant,cpp,perlmutter-gpu-cpu,8,32,32,50000,500,8,4,1,1,32,1,0.049141,0.345595,0.014634,0.0,0.0,0.002803,0.007591
